499.8,397.1,378.98,340.92,293.6,254.2,219.7,190.08,163.52,139.42,117.22,98.58,80.98,54.5,34.76,21.0,9.2
384.16,266.2,244.24,210.4,171.04,140.38,114.52,94.36,76.18,61.42,49.44,39.2,30.04,15.98,6.38,0.86,0.0
490.48,407.6,389.14,348.64,303.04,259.58,223.58,192.06,163.6,139.62,117.86,98.66,82.38,55.72,36.08,22.48,11.26
535.92,417.06,393.9,346.76,296.76,254.32,220.72,188.6,161.26,136.46,115.64,97.3,80.7,52.84,34.2,19.44,8.16
543.36,456.74,434.44,397.5,346.0,303.3,263.82,230.78,199.76,173.06,149.28,129.14,109.78,77.96,53.32,35.78,19.62
355.52,268.88,248.66,214.78,178.76,150.74,123.8,102.22,82.38,66.14,52.52,40.56,31.36,17.2,8.46,2.68,0.0
303.74,237.5,220.0,187.98,152.44,126.62,104.8,87.1,70.78,57.94,47.32,37.54,29.28,16.7,8.4,3.08,0.18
520.34,436.88,413.94,373.9,325.34,282.84,248.24,216.6,187.66,159.06,136.7,116.5,98.48,69.02,45.84,28.26,14.22
431.1,354.64,334.84,299.68,257.76,222.14,188.56,157.86,133.76,112.46,93.82,78.18,64.18,41.92,25.28,14.48,5.44
426.08,352.84,334.38,296.36,251.66,213.98,181.58,153.3,128.3,108.1,89.24,73.3,59.98,39.08,24.18,12.6,4.16
335.92,218.64,197.76,168.82,137.66,111.98,90.82,73.5,58.78,46.42,36.62,28.82,21.66,12.6,6.24,2.3,0.16
513.62,409.58,388.48,343.62,289.94,248.48,209.7,179.4,154.46,129.88,109.08,91.4,75.14,49.44,31.24,18.06,7.36
464.4,393.96,370.82,330.3,280.04,241.0,205.92,175.88,151.06,129.9,109.54,91.18,76.16,51.34,33.42,20.4,9.28
534.48,455.6,433.2,389.8,332.9,286.92,247.08,212.88,184.38,155.8,133.3,112.72,94.62,63.76,40.8,23.88,10.5
413.32,322.46,305.86,271.22,232.78,200.58,173.18,148.78,126.3,106.64,88.28,73.12,60.78,40.16,25.86,14.94,6.72
608.22,497.9,473.44,430.3,378.08,334.04,292.8,256.32,222.44,190.38,163.6,139.92,118.76,82.24,54.6,33.86,17.92
308.76,218.88,197.94,166.02,133.04,104.18,82.22,63.36,48.86,36.7,27.9,20.54,14.74,6.14,1.86,0.0,0.0
339.36,272.26,256.94,223.3,186.36,156.32,130.8,108.56,89.06,72.64,60.4,49.5,40.22,24.9,14.42,7.24,2.1
366.2,272.36,250.84,215.66,177.84,147.98,122.54,100.94,80.82,65.16,52.74,42.12,32.2,18.06,8.68,2.6,0.0
372.04,251.3,233.06,201.3,163.62,135.22,112.98,92.74,74.42,59.58,47.3,37.4,28.98,15.88,7.42,2.4,0.06
359.84,254.38,232.7,199.98,163.92,136.38,113.56,92.42,74.98,61.12,48.34,37.16,28.6,14.68,5.62,0.44,0.0
531.28,430.06,408.46,369.98,322.8,278.76,243.08,212.76,181.56,152.72,130.18,111.18,93.68,64.42,43.52,27.06,14.34
579.86,477.72,455.34,407.8,354.94,310.04,270.14,232.0,201.32,174.28,148.98,126.26,105.66,72.56,48.94,30.1,15.58
410.9,341.94,324.2,289.9,247.24,207.92,178.38,150.46,126.28,103.92,86.46,72.24,58.74,37.6,22.18,11.94,3.82
304.2,216.62,198.5,166.5,133.82,110.28,89.8,72.26,57.66,44.76,33.66,24.76,17.76,8.2,2.0,0.0,0.0
324.98,228.76,207.62,171.94,134.54,109.06,87.36,69.42,55.58,43.9,34.16,25.3,18.84,8.68,2.58,0.0,0.0
485.78,420.4,402.92,365.38,318.98,276.14,240.18,206.7,178.74,152.04,131.06,111.62,94.06,65.6,44.1,28.38,15.58
299.16,199.26,185.24,158.06,128.1,105.16,84.74,67.42,53.74,41.64,33.04,25.02,18.82,9.9,4.26,0.92,0.0
474.9,347.08,320.82,279.56,233.54,199.1,165.6,140.5,120.14,100.46,83.34,68.38,55.8,35.12,20.88,10.32,3.06
459.1,365.34,344.58,305.94,259.34,217.02,184.72,156.76,132.42,111.0,92.5,76.08,61.86,37.4,21.12,8.74,1.22
420.84,330.06,308.44,272.28,231.34,197.42,167.94,142.04,119.98,101.82,84.36,68.98,56.14,35.24,19.92,8.8,1.36
599.56,515.36,493.3,449.84,395.7,347.1,304.2,266.04,232.62,202.56,174.74,150.76,129.72,93.26,65.24,44.14,26.24
334.28,267.66,252.22,221.22,180.98,151.56,126.44,102.36,84.52,66.66,53.88,42.5,32.86,18.98,10.0,4.44,0.84
360.12,267.6,246.32,212.64,176.78,146.52,121.08,98.84,79.92,63.5,49.9,38.5,28.98,14.78,5.7,0.52,0.0
405.3,314.0,297.02,265.18,225.92,195.28,167.18,143.52,121.24,102.2,86.36,72.08,60.34,40.64,26.44,15.18,7.84
594.92,475.1,448.52,407.26,354.28,311.98,273.14,234.18,205.1,178.0,152.54,129.54,109.1,77.14,51.4,32.4,17.24
463.42,385.56,367.06,330.88,288.76,255.16,221.48,193.18,167.06,144.52,123.78,106.68,90.16,64.56,44.18,29.2,18.2
425.46,349.38,328.02,295.1,255.06,219.44,188.72,162.46,138.7,118.48,100.96,85.8,72.34,50.4,32.12,19.94,9.62
435.06,341.64,320.58,282.7,240.5,201.82,170.36,143.1,119.06,99.84,81.82,66.72,53.06,33.28,18.3,8.4,1.36
411.62,279.46,259.66,224.62,182.16,149.12,123.24,99.3,79.74,63.42,49.8,38.52,28.88,14.28,5.26,0.38,0.0
397.38,261.14,241.1,203.86,165.56,133.98,109.38,89.0,70.36,55.52,43.56,33.9,25.9,14.52,7.28,2.54,0.32
402.5,269.92,248.66,209.22,166.9,132.96,105.38,84.04,66.16,52.3,39.34,30.0,22.18,11.48,4.56,0.94,0.0
700.64,605.86,578.82,532.3,476.7,424.1,380.94,336.46,300.02,263.0,232.64,203.0,175.26,131.6,94.88,66.48,47.2
377.26,271.0,247.74,210.94,169.98,139.02,109.68,85.82,68.52,52.56,39.52,28.56,19.92,7.88,1.56,0.0,0.0
441.28,385.62,366.1,333.62,289.76,253.68,222.42,194.96,169.22,147.3,126.46,108.36,91.06,64.58,43.72,29.5,18.32
569.62,472.64,449.06,402.26,351.96,309.86,272.2,239.08,206.96,176.54,151.86,128.68,110.04,77.52,53.34,35.14,18.4
446.9,340.84,316.84,278.04,235.18,199.34,166.86,139.32,118.84,98.72,82.62,68.92,56.18,35.32,19.74,7.94,0.76
368.66,253.92,229.88,197.02,159.12,131.58,107.9,87.34,71.02,56.5,44.06,33.64,24.6,12.06,3.74,0.1,0.0
372.44,239.02,219.34,185.36,150.32,122.96,100.52,81.06,64.58,51.24,40.8,30.74,23.52,12.62,5.34,1.22,0.0
338.86,244.8,224.34,187.82,148.96,120.0,96.14,75.74,59.14,46.36,35.22,26.06,18.78,8.48,2.72,0.12,0.0
437.46,374.4,353.54,312.52,265.84,226.12,194.3,165.54,140.9,120.0,99.72,84.4,69.7,44.6,25.74,12.36,2.22
365.52,251.16,231.28,195.48,159.3,128.5,104.04,86.0,69.0,55.0,43.74,33.92,26.3,15.46,7.76,2.78,0.1
307.5,191.66,176.94,146.4,117.04,94.82,76.7,61.92,48.78,38.22,29.9,22.56,16.34,7.62,2.56,0.1,0.0
430.74,359.24,337.78,300.2,252.26,217.6,187.14,160.72,137.12,116.04,96.54,79.78,66.2,42.78,26.86,15.6,7.54
515.32,439.52,415.94,369.94,322.26,276.1,237.92,201.76,169.38,143.46,119.56,99.28,81.1,51.12,30.36,14.98,3.74
310.3,197.76,175.24,144.98,113.4,89.18,71.86,56.14,43.94,35.04,27.26,21.06,15.56,7.88,3.3,0.62,0.0
612.28,521.98,499.12,447.9,389.06,343.64,304.92,266.84,232.16,201.18,173.54,147.56,124.58,88.1,58.24,35.72,19.26
624.08,523.82,498.5,455.5,397.16,348.54,306.26,271.24,237.46,211.56,184.98,159.8,137.66,100.02,70.86,48.04,28.32
277.52,208.3,190.06,160.96,131.0,105.9,86.38,67.96,54.22,42.32,32.88,24.72,18.2,9.26,3.9,0.88,0.0
437.56,324.62,303.2,264.86,224.26,194.18,167.0,142.98,121.42,103.78,87.28,73.12,60.42,40.94,26.8,16.02,7.86
348.02,244.1,224.2,189.56,151.64,123.58,100.0,79.72,64.08,51.32,40.34,31.38,24.52,14.18,7.34,3.02,0.5
368.92,282.92,264.42,229.56,184.94,154.14,128.54,104.44,85.9,69.4,55.96,44.74,35.46,21.08,11.5,5.2,1.24
364.32,281.08,264.32,235.22,198.76,166.76,141.34,119.56,100.82,84.16,69.9,57.62,47.2,30.16,18.26,10.08,4.8
422.68,356.54,337.7,302.8,263.32,230.96,200.56,170.28,147.9,127.68,106.94,90.54,76.42,51.6,34.92,21.82,11.28
415.46,305.86,286.7,248.28,208.16,174.04,145.82,120.66,101.12,84.22,69.52,56.86,45.82,28.76,17.3,8.72,2.22
563.02,470.38,442.16,395.94,341.54,295.8,258.58,226.76,197.84,170.8,144.8,121.6,101.94,70.74,46.1,27.86,13.38
409.96,323.4,301.66,260.6,212.6,176.62,147.3,121.04,99.26,79.62,64.06,50.78,38.7,20.02,7.86,0.76,0.0
327.44,253.26,236.8,204.78,170.02,141.48,117.0,95.42,76.86,61.32,49.04,38.04,29.5,15.9,7.58,2.58,0.0
348.5,273.22,252.24,220.86,185.32,156.34,131.8,109.26,91.24,76.26,63.8,51.94,40.4,25.72,15.76,8.5,3.1
399.36,343.22,321.02,285.84,243.78,208.82,178.76,152.62,129.58,110.18,91.64,76.76,62.3,41.36,26.76,15.92,6.72
299.04,201.54,182.1,152.9,120.66,97.38,77.4,60.78,48.8,38.22,29.14,22.08,16.7,8.44,3.88,1.08,0.06
436.56,355.6,333.12,295.7,250.14,213.52,178.58,148.18,122.62,101.98,83.74,67.98,54.8,33.52,18.44,8.92,2.54
357.9,266.08,250.56,221.64,189.4,161.38,134.92,114.16,96.26,80.9,66.56,54.14,44.12,29.32,18.14,10.28,4.56
771.02,645.68,614.08,554.88,489.2,428.9,376.36,326.28,285.02,246.12,212.04,181.74,151.46,103.46,67.14,38.6,16.38
411.08,258.16,236.32,190.22,147.4,118.18,94.74,74.42,57.64,43.94,32.2,23.44,16.3,5.92,1.1,0.0,0.0
365.3,262.72,243.78,211.1,174.38,144.48,119.5,97.6,79.78,64.6,52.48,41.18,31.6,18.54,10.28,4.72,1.32
314.38,212.94,190.28,160.54,129.34,106.24,87.94,72.96,58.9,47.14,38.12,29.66,22.88,12.38,5.56,1.54,0.0
379.72,322.7,304.8,276.46,240.48,207.18,178.96,156.78,135.42,114.72,96.84,80.9,66.72,44.22,27.14,14.06,6.52
341.02,290.72,272.1,237.38,198.58,167.24,139.0,113.26,93.3,77.3,63.14,51.62,40.96,25.86,15.44,8.24,3.54
348.22,296.96,282.42,251.68,212.18,180.36,153.2,129.16,108.24,89.3,73.64,59.8,47.8,28.78,15.38,6.12,0.48
596.78,503.74,477.76,435.74,387.64,345.9,306.72,273.14,242.9,215.48,189.98,168.52,146.68,111.04,82.16,58.76,42.12
370.28,290.08,272.74,237.86,196.44,165.08,136.68,112.22,93.28,76.14,61.7,49.36,38.78,24.04,14.14,6.94,2.08
341.26,279.1,262.42,232.46,196.16,166.76,140.36,116.5,96.44,81.02,67.08,55.44,45.02,29.06,17.32,9.48,3.6
380.18,306.58,288.4,254.38,215.86,183.56,153.92,129.64,108.4,90.34,73.22,58.84,46.06,26.98,13.22,4.08,0.0
432.52,342.88,323.16,288.72,246.3,212.74,183.3,157.02,134.64,113.32,95.42,79.2,65.16,43.12,26.92,14.92,7.98
405.74,336.48,316.78,285.56,248.48,215.14,184.22,159.44,136.1,116.76,99.24,84.94,71.06,49.4,33.3,20.82,11.18
320.56,237.96,221.52,186.64,149.86,122.7,100.2,80.24,64.62,51.9,39.88,29.42,21.14,8.92,1.74,0.0,0.0
323.16,230.82,210.62,181.46,146.42,120.6,99.3,79.86,64.12,50.94,40.36,31.9,25.16,14.64,7.98,3.68,1.02
699.78,578.5,555.3,502.06,445.84,389.92,345.12,304.18,262.62,228.24,196.98,171.56,146.66,106.28,74.42,50.76,28.5
277.08,186.54,168.56,138.34,107.46,86.22,67.98,52.12,39.12,29.28,21.0,14.48,9.3,2.84,0.14,0.0,0.0
362.2,301.98,284.5,253.5,218.66,190.14,162.92,139.08,118.54,101.12,85.44,71.08,59.92,40.56,26.12,16.42,9.28
411.16,282.4,263.86,233.78,198.1,167.3,139.7,118.56,98.42,82.32,67.98,55.42,44.78,28.56,17.48,9.68,3.88
498.44,419.3,398.58,358.94,311.94,273.0,236.86,204.9,176.36,149.4,127.32,108.24,91.4,63.08,41.7,26.1,14.16
250.38,173.54,158.04,134.76,109.18,88.32,71.24,56.7,44.46,34.18,25.3,18.96,13.24,5.8,1.68,0.0,0.0
383.04,296.72,272.92,240.0,198.44,166.2,135.04,112.9,89.72,70.82,55.32,42.94,32.36,17.36,7.42,1.62,0.0
293.96,184.36,166.24,134.8,104.78,83.18,65.92,51.14,40.52,31.02,23.18,17.7,13.24,6.58,2.78,0.66,0.0
504.06,414.96,394.46,351.64,304.94,267.34,235.22,202.62,176.44,152.08,130.94,111.44,94.22,64.64,43.52,27.08,14.48
409.14,310.74,287.68,251.62,207.06,172.96,144.42,118.12,97.42,80.0,65.38,52.38,41.58,24.7,13.16,4.56,0.0
515.02,443.78,422.06,383.62,339.14,298.96,263.38,230.78,202.16,174.66,152.2,129.08,111.04,76.94,52.64,34.52,20.66
362.6,280.52,258.58,220.6,179.66,150.0,123.16,101.02,81.14,64.76,50.32,38.02,27.46,12.72,3.8,0.0,0.0
469.58,366.54,347.08,305.38,257.58,219.24,185.14,157.64,132.66,110.12,91.32,75.16,60.92,39.1,24.2,13.02,4.96
440.8,355.9,336.58,302.16,256.66,221.5,191.16,162.64,139.18,118.84,100.2,84.46,70.92,48.3,31.92,19.72,11.5
330.16,262.58,243.88,213.22,179.98,152.38,128.32,107.12,88.98,74.48,61.94,50.46,40.24,25.34,14.4,6.94,1.6
347.7,260.94,245.12,213.18,176.14,148.04,123.9,102.58,84.36,69.7,57.3,46.5,36.78,22.38,12.5,5.8,1.3
432.6,367.9,347.88,308.14,261.22,223.72,191.98,162.48,137.06,114.94,94.32,77.4,62.44,39.14,23.28,11.74,4.16
1853.84,1577.68,1503.64,1389.32,1260.64,1151.26,1057.22,971.68,891.96,814.54,744.24,674.9,612.42,488.82,384.74,292.8,215.9
401.64,323.4,307.24,270.62,224.0,187.82,156.88,131.72,110.24,91.48,75.16,61.44,49.38,30.38,17.68,9.36,3.36
338.86,272.66,253.86,224.5,188.96,161.18,135.48,114.98,97.5,82.26,69.0,57.58,47.24,31.02,18.94,10.26,4.22
395.9,235.28,205.46,162.42,123.62,97.1,75.24,57.52,43.46,31.48,22.06,14.44,8.22,0.94,0.0,0.0,0.0
314.78,220.14,203.74,176.56,146.22,122.12,99.62,81.92,65.34,53.46,41.86,32.54,24.44,12.54,5.38,1.28,0.0
308.04,218.28,202.22,172.76,141.34,115.4,92.94,76.46,61.42,48.82,37.78,28.32,21.2,10.82,4.3,0.76,0.0
364.32,288.5,272.46,236.38,197.56,165.9,139.7,116.52,97.46,80.34,64.46,52.12,41.68,25.38,14.32,6.66,1.78
552.62,442.92,416.52,366.6,310.02,263.84,224.04,188.22,156.64,129.66,106.76,87.42,68.94,42.12,22.96,9.66,0.98
281.84,183.16,166.38,138.48,106.1,84.42,66.2,50.12,37.16,27.28,19.38,13.12,8.22,1.98,0.0,0.0,0.0
392.62,299.52,279.34,242.44,202.62,167.44,140.26,116.78,96.96,79.3,64.38,51.38,40.98,25.42,14.8,7.52,2.24
448.12,366.4,341.4,308.92,262.9,225.86,196.28,167.26,141.04,119.14,102.12,86.7,71.88,47.28,27.82,13.38,3.52
311.98,171.04,143.72,112.24,83.88,63.78,49.0,35.46,25.96,18.18,11.86,7.42,4.22,0.72,0.0,0.0,0.0
251.48,184.94,173.12,145.44,116.94,95.04,74.8,60.14,47.5,37.86,29.0,22.08,16.36,8.46,3.76,1.1,0.0
265.52,190.02,171.44,141.28,114.56,92.06,73.58,57.42,44.12,33.72,24.68,17.7,12.04,4.9,1.2,0.0,0.0
245.8,171.4,158.1,131.34,103.5,83.14,65.74,50.72,38.48,29.4,22.06,16.3,11.06,4.04,0.38,0.0,0.0
312.1,185.14,162.42,131.54,101.12,80.06,61.7,48.02,36.78,28.18,21.52,15.68,11.4,5.8,2.26,0.54,0.0
459.52,370.42,350.34,310.9,266.04,230.46,198.16,171.66,148.72,125.66,108.52,92.02,77.62,53.84,35.34,21.8,12.44
728.68,590.94,565.04,516.56,463.32,416.82,368.88,330.62,293.14,263.86,234.44,205.56,181.76,135.96,98.08,71.68,47.6
712.24,581.96,554.4,510.86,454.76,406.34,364.76,328.06,291.48,256.26,224.66,195.4,171.38,129.34,93.48,65.66,45.36
550.5,447.08,428.62,391.06,346.08,307.06,273.22,243.48,214.2,189.0,163.74,141.36,121.44,87.26,60.0,39.36,27.06
537.5,445.24,424.4,378.48,330.16,288.34,252.52,222.2,194.26,168.72,146.26,125.1,105.82,75.48,51.52,33.76,17.84
245.08,198.4,183.6,159.28,131.52,108.86,89.7,73.92,60.38,48.96,39.02,31.72,25.28,15.14,8.84,4.22,1.2
470.2,393.1,369.72,330.12,285.4,246.42,213.7,182.88,155.32,130.76,109.84,93.5,78.0,52.08,34.36,20.74,11.16
414.1,356.38,335.9,303.06,265.18,232.84,204.38,179.88,156.3,135.2,116.42,99.94,85.84,60.94,41.88,27.98,16.22
357.42,297.28,280.24,244.38,202.24,169.8,141.1,117.42,98.92,80.62,63.7,50.84,39.72,21.04,8.6,0.92,0.0
396.98,333.02,319.0,287.96,245.1,208.42,178.32,153.16,130.72,111.34,93.58,76.46,62.42,40.32,25.58,14.56,6.08
998.34,845.92,810.64,749.74,674.74,617.14,557.64,503.28,455.02,410.42,368.18,329.52,293.92,229.28,174.82,130.18,97.4
515.72,421.06,399.24,359.58,311.8,272.16,236.3,204.92,177.8,153.1,130.42,110.04,92.5,64.76,43.26,27.3,17.02
367.62,278.78,259.62,223.38,185.4,154.12,129.8,104.44,84.54,67.56,53.76,42.5,32.62,18.56,8.72,2.96,0.02
501.98,376.8,360.4,325.5,277.66,238.48,205.36,177.26,150.36,129.0,108.18,91.08,75.46,50.9,32.2,18.74,8.36
531.06,453.24,432.52,390.46,335.3,289.54,253.06,217.56,185.32,159.56,134.3,111.1,92.44,60.5,35.8,16.82,2.22
488.46,396.26,373.28,334.02,282.84,241.3,207.28,176.08,148.04,125.02,104.36,87.2,72.1,48.46,30.76,18.02,8.02
346.22,229.36,208.84,174.48,138.46,110.82,89.06,71.02,56.74,44.5,34.52,26.22,19.4,9.58,3.58,0.56,0.0
501.92,409.54,388.18,350.26,296.68,257.92,221.68,188.82,160.78,136.12,115.62,98.3,82.4,55.86,36.5,21.46,9.38
344.3,271.54,258.54,229.72,194.36,165.16,141.96,120.62,101.74,86.54,73.52,60.86,49.78,32.22,20.74,12.32,5.96
431.46,323.72,300.76,262.54,222.14,187.98,158.92,133.2,108.32,90.3,74.06,60.46,48.64,30.04,16.8,8.2,2.18
373.32,277.88,259.3,217.92,172.5,136.82,108.32,83.68,62.76,45.94,32.58,21.34,13.3,3.78,0.0,0.0,0.0
414.58,330.7,313.66,278.88,238.9,205.0,176.44,151.08,127.18,107.68,90.82,74.48,61.24,40.44,25.3,14.2,3.94
373.48,260.44,236.22,201.48,161.76,130.86,106.4,88.34,73.1,59.02,46.58,36.5,28.72,16.82,8.94,3.74,0.7
931.26,760.52,731.02,672.12,594.86,531.76,477.54,426.08,383.08,344.52,306.12,269.96,238.82,181.36,136.08,102.26,70.16
646.28,534.26,505.94,463.64,397.86,348.12,303.04,264.78,232.56,201.62,172.62,146.4,123.72,87.94,58.48,35.8,16.34
378.02,210.72,178.84,142.16,106.9,82.06,61.9,46.86,33.08,23.98,16.28,9.96,5.6,0.96,0.0,0.0,0.0
402.76,347.0,326.06,292.9,249.54,217.06,187.6,162.54,139.9,118.22,99.98,84.3,70.9,48.64,32.22,21.04,10.68
427.16,181.74,158.54,119.28,86.26,66.66,50.54,37.84,28.16,19.78,12.68,8.0,4.52,0.38,0.0,0.0,0.0
626.3,490.26,463.14,422.04,371.96,328.7,289.46,255.78,224.96,197.58,172.3,149.14,127.9,92.5,64.36,44.9,29.04
564.48,488.58,464.12,419.64,364.14,316.32,273.3,238.5,204.34,177.44,152.12,129.08,109.16,75.32,48.6,29.04,12.22
662.96,545.12,522.48,480.12,428.96,384.56,347.64,311.32,278.42,247.02,220.26,193.52,170.32,129.32,95.16,66.4,46.9
274.82,214.68,201.16,174.44,143.72,117.26,95.54,77.14,60.92,47.86,37.14,27.64,19.82,7.64,1.3,0.0,0.0
803.96,690.68,662.1,607.3,536.76,472.1,421.18,375.02,330.42,293.2,256.08,223.94,193.34,139.52,99.6,66.68,39.42
315.38,222.88,204.04,169.88,138.16,112.26,91.74,73.66,60.04,47.22,36.64,27.64,20.86,10.42,4.34,1.08,0.0
318.72,254.16,239.4,213.76,182.38,156.26,133.76,114.96,96.52,81.84,69.58,58.08,48.08,32.56,20.84,12.24,5.34
510.54,396.62,373.72,334.42,289.34,253.72,219.74,194.46,168.62,144.94,125.38,106.98,90.6,63.84,43.72,28.04,15.24
491.64,393.42,374.94,339.06,295.82,258.24,226.18,196.24,167.58,144.04,122.92,105.14,90.04,63.76,42.54,27.7,16.12
398.04,326.9,308.18,275.08,235.58,202.66,175.78,148.72,126.88,107.5,89.1,74.4,60.94,41.3,24.44,13.46,5.68
493.46,341.72,314.76,268.52,220.9,186.34,158.32,132.78,111.64,94.06,76.54,61.56,48.92,28.74,13.9,4.32,0.22
373.88,248.62,228.7,196.66,161.34,138.18,117.16,99.94,84.6,70.74,58.68,49.18,40.18,25.84,15.14,8.16,3.32
913.5,753.58,715.8,650.2,575.38,513.02,456.36,404.9,360.66,318.12,281.62,245.48,214.62,162.76,115.92,81.92,50.36
308.16,198.58,175.4,140.08,108.0,88.14,72.2,60.0,49.38,40.04,32.02,24.54,18.92,9.84,3.64,0.22,0.0
232.54,164.44,150.8,124.48,99.2,79.6,63.24,48.7,37.46,28.14,20.56,14.36,9.62,3.68,0.66,0.0,0.0
332.94,257.56,240.02,209.86,175.76,150.32,127.22,108.24,92.52,78.94,67.42,56.4,46.96,31.98,21.5,13.34,6.88
483.24,400.0,381.86,343.82,302.18,264.52,232.64,201.24,175.64,153.18,133.66,114.46,97.76,68.72,47.22,30.5,19.36
437.98,360.78,340.38,306.62,262.74,225.92,193.48,164.26,139.26,117.78,98.88,82.26,68.02,44.7,27.92,16.14,7.0
484.62,203.22,180.98,143.6,108.46,83.82,64.04,49.98,36.6,25.44,17.62,11.06,6.1,0.84,0.0,0.0,0.0
336.62,187.66,172.18,144.12,113.9,90.36,72.2,56.68,44.02,33.86,25.56,19.32,14.06,6.7,2.54,0.4,0.0
271.0,202.66,184.72,153.1,121.62,97.48,76.5,59.24,46.38,35.52,25.94,18.4,12.76,4.62,0.4,0.0,0.0
462.86,287.64,255.92,210.64,166.68,133.86,106.78,84.78,66.62,53.02,40.86,31.28,24.04,12.26,4.8,0.92,0.0
600.82,482.42,458.2,404.14,347.44,305.36,268.08,234.8,206.02,179.54,155.42,135.3,117.2,86.28,61.04,43.16,29.32
466.38,378.28,361.16,323.12,276.88,238.66,207.54,177.66,151.3,128.54,108.28,90.88,74.78,50.28,32.12,17.56,7.26
398.96,253.46,228.36,188.98,148.94,119.88,96.22,77.46,61.76,49.1,38.72,30.22,22.96,12.92,6.58,2.68,0.5
344.28,233.5,214.16,179.5,143.14,116.96,96.28,78.66,63.6,51.34,41.1,32.9,26.14,15.12,7.1,2.22,0.0
436.1,374.24,351.06,311.52,264.64,224.64,191.62,162.94,138.22,115.04,94.62,77.74,62.52,37.56,18.7,6.76,0.0
477.1,387.78,369.86,333.36,286.66,248.3,215.52,187.12,159.82,136.68,114.94,96.66,81.74,54.08,35.24,19.46,8.98
434.54,349.86,325.46,286.24,242.54,204.86,172.32,146.46,122.12,102.24,84.46,68.44,54.62,32.36,17.4,7.74,1.66
355.58,196.72,171.74,140.78,109.36,88.5,71.94,57.48,44.66,34.86,26.9,19.84,14.5,7.3,2.88,0.62,0.0
336.98,236.46,218.84,185.72,151.6,119.98,95.78,76.16,60.92,47.28,35.62,26.72,20.06,10.1,4.18,0.88,0.0
703.28,565.84,545.26,498.8,442.84,393.9,352.42,313.42,278.04,246.26,216.82,189.24,166.8,125.84,91.36,65.66,44.62
449.48,344.5,325.28,292.28,248.1,209.12,176.58,150.8,126.06,104.86,86.76,69.6,55.44,33.74,18.32,7.88,1.56
668.04,583.36,560.4,512.18,452.52,402.24,356.04,311.66,275.02,242.08,210.72,183.42,158.26,113.92,79.56,54.28,35.52
307.06,253.62,237.5,209.78,173.72,144.08,120.12,100.2,81.48,65.58,53.22,41.8,32.88,19.42,11.04,5.22,1.36
309.62,215.72,195.74,163.6,130.64,106.24,86.32,70.28,55.96,45.26,35.4,27.62,21.2,11.9,6.3,2.92,0.94
243.6,171.84,155.68,126.96,94.9,72.86,55.08,40.08,28.24,19.44,12.0,7.14,3.74,0.2,0.0,0.0,0.0
1238.98,1051.54,999.16,921.6,831.2,758.96,696.14,631.4,572.06,515.92,466.98,416.92,371.8,296.32,226.54,169.84,120.5
391.92,265.52,247.92,212.44,175.44,145.76,122.22,100.9,82.24,66.5,53.42,42.3,32.82,20.08,11.26,5.36,1.78
560.62,486.88,465.1,425.24,375.94,334.06,296.3,263.8,232.48,203.26,180.32,158.2,137.52,101.46,74.7,52.86,33.74
493.52,406.22,376.88,327.4,274.7,233.76,196.7,167.78,141.98,118.16,97.68,79.7,64.72,41.26,23.82,11.78,3.8
309.0,236.48,223.02,196.26,161.72,136.78,116.14,96.74,81.68,68.24,55.86,45.16,36.1,22.36,12.16,4.94,0.12
435.84,212.68,187.1,147.08,112.76,87.98,69.94,53.76,41.2,31.74,24.3,18.04,13.26,5.94,1.76,0.0,0.0
955.28,774.76,742.78,680.32,610.28,553.18,499.34,454.1,408.64,365.0,326.54,293.68,260.42,201.04,151.84,110.54,76.36
263.02,168.46,152.46,120.6,89.48,66.52,50.02,35.8,24.54,16.32,9.98,5.38,2.4,0.0,0.0,0.0,0.0
483.32,382.08,360.9,322.06,278.5,238.62,207.46,178.28,155.52,132.94,112.88,96.36,80.52,55.22,36.54,22.6,11.1
272.46,205.54,190.06,164.0,131.06,107.42,87.16,68.52,53.88,42.18,31.7,23.88,17.82,9.16,4.0,1.18,0.0
374.78,294.52,278.06,240.68,200.56,169.84,143.72,120.3,99.3,82.66,67.88,55.14,45.22,28.42,16.94,8.94,3.1
356.44,225.7,200.88,165.24,126.98,102.36,79.72,63.32,50.38,38.78,29.78,22.26,16.54,8.38,3.3,0.66,0.0
345.9,278.76,261.54,232.2,199.74,168.7,142.98,121.08,103.42,87.26,72.54,60.16,49.26,32.16,20.3,11.2,4.32
366.64,279.52,258.48,221.76,179.9,147.12,120.48,95.38,75.24,57.8,43.98,31.72,22.36,9.84,2.88,0.0,0.0
251.3,185.88,171.76,143.82,115.82,93.08,75.22,60.5,47.64,36.96,28.36,21.0,14.84,6.82,2.08,0.0,0.0
316.68,214.26,196.32,166.82,136.0,112.64,91.54,74.38,59.18,46.62,36.7,28.5,21.92,12.12,6.1,2.28,0.18
352.38,286.72,269.52,239.64,204.46,171.54,141.12,115.26,95.12,76.84,59.76,46.08,35.12,17.12,5.6,0.38,0.0
1336.68,1191.2,1154.28,1085.14,1008.2,939.02,871.68,809.6,745.2,691.28,639.0,583.64,534.64,445.12,359.3,279.04,235.06
405.4,236.82,214.44,178.66,140.64,116.2,95.72,77.04,62.56,50.72,40.1,30.98,24.1,13.26,5.98,1.86,0.0
341.1,171.76,154.28,123.96,92.14,68.5,51.84,38.8,27.36,18.94,12.1,6.94,3.3,0.0,0.0,0.0,0.0
408.1,263.7,239.32,198.88,164.82,137.74,115.92,96.88,78.74,64.44,52.36,42.48,34.0,20.18,10.98,4.62,0.9
371.92,286.96,266.3,233.78,198.06,168.92,141.38,119.08,99.78,84.3,69.66,56.68,46.4,30.98,18.9,10.8,4.68
230.64,157.92,143.3,118.26,93.98,77.38,62.44,48.96,37.48,27.84,20.62,14.76,9.96,3.72,0.56,0.0,0.0
252.9,179.4,161.32,139.94,114.68,96.32,81.38,69.2,58.56,49.38,40.88,33.82,27.52,17.08,10.6,5.3,1.74
683.48,581.0,547.96,505.1,456.32,408.04,367.68,331.74,298.72,267.72,239.98,214.06,189.26,145.76,108.92,78.64,59.52
397.32,272.04,248.64,205.2,161.28,131.44,105.28,84.36,67.76,53.24,41.68,31.54,23.56,12.48,5.7,1.62,0.04
355.56,274.86,257.54,223.72,182.74,150.94,125.06,104.18,85.42,70.36,56.56,45.84,35.52,20.74,10.98,4.0,0.04
559.52,474.54,457.1,416.84,367.28,324.72,286.9,250.44,220.06,191.4,168.48,144.9,123.42,86.32,59.2,38.82,23.02
734.66,606.58,586.88,544.62,488.58,439.98,398.34,358.88,321.9,286.2,253.82,224.9,196.54,149.48,110.1,76.54,57.38
288.36,191.82,171.16,138.88,108.52,86.9,70.0,54.78,42.4,31.58,22.9,15.92,10.48,3.86,0.74,0.0,0.0
368.0,273.18,256.02,222.7,182.68,148.54,120.44,95.74,75.32,57.88,42.68,30.7,20.64,7.28,0.52,0.0,0.0
389.66,335.04,316.22,281.24,240.68,206.74,174.86,145.98,122.88,104.16,87.0,72.12,58.14,36.7,21.46,10.96,3.56
937.1,801.32,771.2,713.9,642.72,587.28,532.74,481.04,430.08,387.18,346.3,309.5,277.38,218.7,169.32,128.2,91.52
309.24,238.7,223.88,195.66,166.48,139.18,117.68,99.82,82.02,66.78,54.8,44.64,35.76,22.14,12.88,6.22,2.12
475.08,369.56,346.6,304.26,255.92,216.7,182.74,152.68,130.66,109.54,90.56,73.6,60.3,38.24,22.52,11.74,4.3
413.6,320.1,294.42,252.68,210.12,178.46,151.14,126.02,105.38,89.38,74.24,60.88,49.42,31.46,18.72,9.44,3.08
388.06,270.56,242.86,204.94,163.36,130.34,104.3,81.04,63.08,49.04,37.58,27.94,20.3,9.86,3.94,0.64,0.0
287.28,198.08,181.78,150.66,118.68,95.12,76.2,58.82,44.9,33.5,24.36,16.46,10.14,2.48,0.0,0.0,0.0
420.7,339.02,318.22,274.98,231.0,193.3,162.82,136.94,112.6,92.3,74.42,60.86,49.2,31.3,18.6,9.16,3.08
1035.98,886.06,847.98,782.38,704.64,642.94,579.48,527.38,475.98,427.82,388.66,348.02,309.72,244.54,186.68,143.22,102.38
381.92,279.48,257.16,221.3,180.36,148.28,120.46,97.78,78.64,61.96,47.62,35.4,25.64,10.78,2.38,0.0,0.0
202.2,140.74,126.08,104.94,83.52,67.36,54.14,43.08,33.3,25.64,19.42,14.64,10.4,4.6,1.4,0.02,0.0
1136.9,966.26,923.22,854.8,773.38,712.44,655.48,600.68,547.58,499.72,452.14,412.16,373.9,302.0,235.3,188.1,150.84
438.38,356.48,335.8,299.36,258.38,222.8,194.18,165.52,141.0,119.12,99.78,81.82,66.36,39.7,19.62,5.02,0.0
507.54,419.4,398.0,360.8,312.06,269.82,232.2,198.38,168.66,142.28,119.48,98.18,80.66,54.3,34.76,20.92,10.82
440.18,370.8,351.9,317.28,274.56,237.0,204.1,175.52,149.08,126.72,107.66,89.7,74.56,50.94,32.14,19.56,11.34
749.16,643.98,616.52,559.7,493.76,434.9,386.86,338.32,297.92,262.4,228.26,197.58,170.1,124.34,87.8,59.28,35.7
348.36,251.84,229.86,192.76,157.1,128.44,106.34,86.42,70.14,55.58,43.36,32.3,22.82,9.86,2.06,0.0,0.0
302.54,230.94,214.4,185.0,150.36,122.08,99.96,81.36,66.06,53.28,42.02,32.38,24.6,12.8,5.38,1.4,0.0
279.34,186.54,168.92,141.94,113.04,92.5,73.64,58.04,44.88,33.84,25.56,18.62,13.56,6.34,2.02,0.04,0.0
267.88,182.74,166.9,141.36,114.16,93.24,76.46,61.36,48.7,38.56,29.86,22.16,16.28,7.86,2.74,0.28,0.0
246.96,170.86,158.06,137.62,111.84,93.2,75.7,60.44,48.98,38.28,29.84,22.26,16.36,8.3,3.12,0.86,0.12
825.04,683.66,650.82,589.54,522.92,463.92,407.36,357.34,316.44,275.64,238.54,207.36,177.4,127.84,88.58,60.02,39.74
316.08,243.4,225.54,195.58,159.82,134.64,111.8,94.18,77.32,64.4,52.3,42.76,34.26,21.0,12.18,5.36,0.82
165.72,114.2,101.1,78.72,56.42,40.72,28.54,18.8,11.76,6.64,3.06,0.98,0.0,0.0,0.0,0.0,0.0
332.82,252.1,238.04,211.16,180.02,155.62,135.38,116.48,98.36,84.76,70.72,58.82,48.2,31.36,19.4,10.78,5.64
473.14,341.24,319.54,273.7,224.22,188.38,159.5,132.18,110.08,90.38,74.7,59.28,47.08,30.0,16.98,8.46,2.52
224.86,160.32,147.34,125.42,101.58,83.44,69.3,57.16,46.38,37.56,29.9,23.96,18.94,11.04,5.98,2.7,0.62
226.84,174.38,159.12,132.94,105.68,85.06,67.08,53.0,41.28,31.76,23.96,17.52,12.56,5.88,2.34,0.42,0.0
550.5,491.42,474.2,437.94,393.46,352.02,315.1,282.68,255.6,226.62,201.98,178.6,154.92,118.46,86.84,61.84,44.1
338.46,270.66,254.08,223.04,187.5,157.4,131.56,108.68,88.74,73.9,60.36,48.16,37.96,22.34,12.08,5.44,0.94
437.12,332.16,314.32,281.52,243.88,211.26,183.4,158.68,136.78,116.9,99.62,84.2,70.82,47.04,29.6,17.1,8.22
540.86,447.62,427.96,386.46,343.84,301.2,268.82,234.42,206.54,178.9,155.26,134.56,112.68,78.64,52.28,31.82,19.0
238.48,178.9,163.34,135.78,106.22,80.42,59.76,43.28,30.1,19.9,12.12,6.78,3.0,0.0,0.0,0.0,0.0
471.12,374.84,354.88,314.88,272.28,234.68,201.98,170.82,144.12,120.96,101.56,83.62,67.96,41.04,23.26,10.12,1.14
642.52,486.12,461.38,414.2,363.0,318.56,279.92,242.4,209.68,177.54,150.94,125.68,103.98,70.46,42.96,22.82,8.58
584.14,236.16,192.72,142.24,100.04,73.1,54.28,39.94,27.22,18.48,11.58,6.64,3.26,0.14,0.0,0.0,0.0
365.66,264.26,240.9,205.5,169.0,140.6,117.42,99.68,84.38,70.32,58.2,46.84,38.6,25.2,15.0,7.58,2.48
487.96,400.6,376.94,333.64,281.22,243.9,212.9,183.14,158.34,134.18,112.92,95.62,79.7,52.54,31.82,17.2,7.44
770.42,675.92,650.8,604.52,550.78,507.08,464.0,421.42,381.96,341.12,304.48,271.22,237.18,180.08,133.8,92.96,72.04
516.84,437.14,418.02,385.16,342.82,306.08,273.56,241.48,214.3,190.76,166.9,145.54,126.58,95.02,68.98,49.4,36.56
1139.38,946.3,909.12,829.56,748.98,682.08,621.46,557.72,498.62,447.84,397.82,355.72,311.64,236.66,170.54,116.44,83.44
220.18,141.68,129.14,106.4,86.16,70.56,56.82,46.12,35.84,27.88,21.32,16.18,12.32,6.4,2.76,1.06,0.2
1101.46,925.06,889.34,814.04,728.22,653.62,586.42,527.88,472.76,422.66,375.08,334.42,296.16,223.14,166.78,118.48,77.3
720.8,588.28,563.72,506.28,442.68,391.46,344.54,304.22,267.42,234.26,204.78,178.92,154.38,114.22,83.3,58.06,35.54
349.56,290.64,274.28,243.26,207.82,178.78,155.06,130.86,111.48,95.84,81.54,68.76,55.92,38.48,25.3,15.08,6.56
336.28,208.14,184.9,146.56,112.74,89.32,71.62,57.44,46.3,36.68,28.22,21.34,16.36,8.98,4.32,1.58,0.26
472.9,360.86,334.36,294.56,247.62,210.8,177.2,147.98,124.4,103.54,84.86,69.0,55.9,35.72,20.84,9.24,1.46
483.7,390.48,368.2,327.1,279.02,238.62,204.96,172.82,147.88,123.58,105.6,87.72,72.6,47.7,29.96,16.84,8.2
195.52,108.96,97.7,80.38,61.9,48.66,37.62,28.54,21.44,15.36,10.66,7.02,4.36,1.12,0.0,0.0,0.0
441.36,239.04,215.52,176.14,136.46,109.72,88.4,70.0,54.08,41.5,31.82,23.44,16.92,8.24,3.38,0.72,0.0
189.62,139.02,127.1,107.82,87.82,71.46,57.16,45.22,35.56,26.54,19.76,13.98,9.74,3.68,0.82,0.0,0.0
427.98,246.64,217.8,179.0,141.1,111.52,90.42,72.3,56.28,43.7,32.38,23.02,15.56,5.44,0.62,0.0,0.0
340.4,261.2,245.02,214.24,179.4,150.54,123.48,102.58,83.72,68.7,55.72,45.38,36.08,22.02,12.38,5.96,1.88
583.8,479.48,450.26,399.34,350.94,306.26,269.46,238.24,206.52,179.92,154.18,134.18,113.44,82.78,58.12,39.4,24.16
351.26,259.5,238.1,205.16,167.16,137.7,109.78,87.06,65.54,49.88,36.74,24.52,15.66,2.86,0.0,0.0,0.0
372.38,187.22,156.78,119.58,82.78,58.34,40.74,27.34,17.8,10.4,5.64,2.4,0.88,0.0,0.0,0.0,0.0
493.18,430.36,410.24,373.0,330.56,290.24,256.1,226.04,200.66,176.3,154.52,135.74,117.76,86.94,63.88,44.82,28.4
280.66,228.74,212.64,182.98,150.84,122.74,99.96,82.68,66.68,52.52,40.72,31.12,23.0,11.84,3.98,0.3,0.0
491.1,396.14,378.54,346.38,305.38,270.16,239.14,210.02,185.98,162.18,141.7,123.22,106.68,77.86,55.4,38.1,28.04
264.62,173.44,155.68,126.18,100.42,81.02,64.1,51.04,39.48,30.72,23.78,18.18,13.24,6.5,2.78,0.68,0.0
399.08,334.24,311.6,278.84,235.12,197.68,164.72,137.82,113.42,93.58,77.92,62.76,50.58,32.18,18.74,9.5,2.64
780.56,654.64,626.0,575.48,511.12,457.64,404.76,357.96,317.98,278.96,245.12,217.52,191.06,144.82,106.08,75.7,51.24
565.16,448.26,425.16,382.96,331.28,292.52,255.16,222.72,192.72,165.46,142.16,119.42,100.78,70.24,46.1,27.06,11.32
409.24,204.18,178.78,141.38,103.88,78.52,58.8,43.4,31.7,22.06,14.54,8.76,4.62,0.42,0.0,0.0,0.0
329.06,269.08,251.32,217.18,176.36,146.4,118.54,95.86,76.96,60.62,47.96,36.84,28.62,15.74,7.14,2.08,0.0
897.76,778.4,745.06,686.76,616.84,562.98,512.3,463.32,418.68,375.8,337.5,302.6,266.52,207.62,158.18,115.82,92.14
469.94,370.08,346.74,306.4,259.06,224.86,193.72,162.34,138.62,118.04,97.78,82.48,67.92,44.88,27.82,15.18,6.04
648.76,510.72,486.86,439.1,381.3,337.22,297.78,261.98,230.96,201.84,175.9,152.74,131.18,96.02,65.86,45.36,31.42
836.0,708.7,685.74,630.6,558.72,503.84,454.46,408.16,361.94,324.36,284.26,249.42,219.24,166.4,122.0,84.9,58.74
856.92,713.54,683.4,618.48,550.74,498.14,447.0,400.44,360.4,322.02,287.38,255.82,225.56,170.86,125.9,90.78,62.22
573.18,292.0,261.22,209.72,167.14,136.56,113.26,93.66,77.04,62.66,50.6,40.56,32.64,19.64,10.66,4.86,1.34
430.04,260.66,236.74,193.14,151.34,120.5,95.82,74.4,57.52,44.7,32.9,23.4,14.9,4.34,0.1,0.0,0.0
732.5,627.52,597.98,544.72,490.14,448.2,406.52,369.2,336.92,302.56,273.6,248.02,223.82,176.6,133.86,103.46,77.38
730.64,595.74,569.86,521.28,463.04,414.54,366.74,326.04,290.14,256.48,227.38,202.26,176.84,131.6,97.42,72.26,48.92
949.2,769.7,737.4,665.5,575.48,503.52,448.0,390.7,342.12,298.16,258.88,222.92,190.0,134.36,91.18,57.34,29.52
299.62,236.8,221.14,195.52,166.56,141.22,120.04,100.0,84.02,70.46,58.68,48.7,40.74,26.54,16.72,10.0,4.46
353.88,233.7,211.22,172.34,134.82,108.22,87.2,70.6,57.0,45.38,34.8,26.62,20.34,11.34,5.56,1.84,0.2
549.28,246.82,207.82,152.86,105.54,76.68,54.78,37.04,24.16,15.08,7.94,3.28,0.84,0.0,0.0,0.0,0.0
793.86,661.74,631.28,574.44,509.92,455.36,409.48,362.18,324.42,289.3,257.18,225.5,199.98,152.2,113.38,83.44,59.56
407.9,287.84,254.58,208.96,165.12,131.92,103.04,80.22,59.92,44.7,32.06,21.32,13.62,3.42,0.0,0.0,0.0
312.4,226.24,207.92,179.1,148.5,123.82,101.14,82.2,65.3,51.02,39.58,29.42,21.66,10.18,3.42,0.12,0.0
254.9,164.24,145.52,112.8,81.06,60.32,44.12,30.58,19.98,11.84,6.36,2.92,0.78,0.0,0.0,0.0,0.0
231.36,174.96,160.38,136.42,108.78,85.84,68.08,53.44,41.14,31.1,23.3,17.34,12.52,6.08,2.56,0.78,0.06
1141.08,986.42,935.52,861.34,777.3,710.84,650.66,591.24,536.4,489.4,443.92,402.56,364.72,289.72,224.9,174.68,127.06
412.02,312.12,289.0,240.48,189.74,152.34,126.64,103.42,84.12,66.26,51.5,39.58,28.84,12.28,0.64,0.0,0.0
297.82,236.14,220.04,192.74,162.24,134.98,113.86,93.4,77.44,63.36,52.12,41.7,33.28,20.68,11.78,6.08,1.94
410.66,347.6,330.32,295.7,255.24,217.28,184.6,156.74,132.52,111.68,92.26,76.4,62.62,40.5,26.1,15.76,7.84
290.74,168.36,144.42,114.6,87.92,68.7,55.82,44.8,34.44,26.78,20.82,15.92,11.9,6.46,3.2,1.22,0.2
615.28,523.74,498.96,450.22,393.08,341.7,299.88,262.64,228.34,198.42,171.52,147.02,124.9,88.74,59.38,37.24,18.9
434.36,267.46,239.76,200.72,161.56,130.28,106.94,86.08,68.44,53.06,40.02,29.74,20.86,8.52,2.04,0.0,0.0
565.28,510.66,491.54,453.44,406.88,366.4,326.34,292.6,258.68,230.18,203.86,181.2,158.1,119.4,87.96,61.86,46.68
222.62,158.0,141.86,119.34,96.54,80.18,65.54,54.16,43.68,34.26,26.66,20.64,15.3,8.3,4.26,1.76,0.26
616.18,520.58,497.18,452.98,401.02,353.24,316.46,282.56,252.42,219.24,191.74,167.28,145.24,107.08,76.38,53.46,36.2
908.54,777.46,750.88,699.58,638.36,582.6,530.66,481.18,437.82,392.66,352.24,315.64,279.2,218.32,164.56,115.46,94.36
258.6,145.62,124.22,90.88,61.64,41.22,27.36,16.58,9.58,5.0,2.08,0.46,0.0,0.0,0.0,0.0,0.0
450.72,386.9,368.56,330.78,283.94,247.72,211.66,182.1,156.8,134.52,112.72,94.44,78.32,53.08,34.84,21.26,11.7
343.32,284.64,267.82,234.74,194.54,163.48,135.72,112.76,92.7,76.56,61.94,50.18,40.1,25.12,14.8,7.44,2.5
373.54,250.62,225.0,178.24,134.38,101.68,77.3,56.64,40.14,27.8,18.18,11.32,6.78,1.38,0.0,0.0,0.0
329.3,237.04,216.94,181.7,148.14,119.4,97.98,80.14,64.84,51.66,41.16,32.72,25.5,15.22,8.68,4.24,1.38
329.94,266.5,250.36,219.52,183.46,152.64,129.8,109.36,91.0,75.64,62.74,52.6,42.0,27.62,17.54,9.96,3.78
350.78,298.54,285.4,258.82,225.92,198.34,175.88,155.16,134.98,114.9,98.22,84.0,72.44,51.16,35.84,23.96,14.8
713.76,606.98,580.9,529.3,464.04,411.34,361.48,323.6,286.16,252.34,219.78,193.2,169.08,125.42,91.22,63.5,39.14
555.66,296.28,273.2,232.8,196.94,168.66,144.44,123.78,104.32,89.18,74.64,60.86,49.68,31.66,18.92,9.32,2.9
454.02,383.5,366.92,338.5,303.54,274.3,244.46,218.68,194.26,173.08,153.78,134.28,117.1,88.32,64.2,46.34,34.46
2559.26,2253.02,2177.78,2069.02,1952.6,1863.24,1786.16,1707.8,1625.46,1548.72,1468.1,1386.58,1308.66,1152.12,987.7,860.66,764.68
348.82,241.14,218.86,182.16,140.18,111.28,87.7,68.84,52.92,40.04,29.66,21.18,14.86,6.22,1.56,0.0,0.0
283.86,215.5,197.64,168.52,138.5,113.08,92.86,75.98,60.8,49.0,39.14,29.84,22.52,11.78,4.48,0.38,0.0
446.12,390.52,371.06,331.02,282.9,240.88,208.0,174.62,147.9,124.2,102.46,82.8,65.78,39.38,21.7,9.68,2.08
394.34,300.94,279.52,241.98,201.2,168.98,141.6,117.82,98.58,80.48,66.04,54.08,43.72,27.58,16.22,8.66,3.48
996.76,826.34,783.92,711.12,627.2,552.14,491.42,436.7,385.04,340.36,298.94,260.66,227.36,168.3,123.0,82.66,57.78
373.84,244.6,217.16,177.96,138.56,110.84,88.3,69.84,52.62,38.94,27.44,18.7,11.72,2.76,0.0,0.0,0.0
210.38,141.64,127.28,104.92,81.24,63.42,48.38,36.88,26.34,18.8,12.58,8.24,5.1,1.2,0.0,0.0,0.0
346.42,271.72,254.84,223.58,186.52,154.92,128.42,104.96,85.46,68.8,53.64,41.96,32.32,17.14,7.22,2.18,0.36
432.04,330.52,308.62,269.7,225.32,189.44,158.46,130.16,107.26,87.84,70.16,55.74,43.7,26.08,13.06,4.84,0.14
353.62,288.5,270.96,236.96,197.98,167.52,138.68,111.94,92.86,74.58,58.82,46.58,35.74,19.24,8.26,2.16,0.0
399.56,179.32,157.86,122.88,91.0,68.18,52.56,39.54,29.76,21.44,13.96,8.84,5.26,0.82,0.0,0.0,0.0
719.28,628.44,609.22,571.68,521.22,474.94,431.58,388.84,349.0,311.34,277.18,247.98,217.62,165.26,124.88,87.04,68.72
352.82,301.96,289.38,264.98,233.46,206.14,182.32,160.8,140.22,121.7,105.64,91.64,79.2,58.22,41.84,28.74,19.9
341.12,229.56,211.68,180.7,145.62,119.58,97.86,78.66,62.94,50.84,40.28,31.0,23.6,12.06,4.78,0.74,0.0
245.36,158.4,143.84,120.46,96.9,80.92,65.78,52.7,42.02,33.32,25.82,19.68,14.7,7.88,3.22,0.88,0.0
306.2,203.72,184.32,151.62,116.9,91.76,72.64,54.92,42.88,31.44,22.36,14.52,8.74,1.22,0.0,0.0,0.0
1326.6,1124.94,1073.74,991.9,910.56,830.02,760.58,693.92,636.9,578.9,524.46,471.44,422.38,334.1,260.28,197.66,154.0
275.82,198.32,181.44,154.16,124.06,100.78,82.56,66.3,52.76,40.42,31.48,23.82,17.42,8.2,2.78,0.32,0.0
1840.64,1544.14,1496.02,1401.98,1293.1,1209.72,1124.36,1042.9,975.16,904.84,832.3,769.98,708.36,595.82,496.18,404.06,314.46
336.44,208.54,184.86,149.56,116.36,94.5,77.3,63.72,51.86,41.48,33.72,26.74,20.86,11.78,5.9,2.46,0.68
2632.6,434.02,331.54,211.14,138.58,99.38,73.08,53.06,38.0,26.7,17.92,11.36,6.64,1.34,0.0,0.0,0.0
413.02,286.12,259.04,217.56,176.14,143.06,119.0,98.36,80.22,64.74,50.9,39.62,29.04,14.36,4.54,0.0,0.0
276.24,192.38,176.1,147.98,117.52,95.26,74.72,58.52,44.8,33.48,24.3,16.94,10.92,3.24,0.12,0.0,0.0
411.26,317.16,300.24,269.64,227.8,195.0,165.0,140.46,118.44,98.22,82.76,68.68,56.7,37.48,23.68,14.14,7.4
849.28,692.42,660.36,599.8,529.22,466.22,415.34,370.6,328.86,290.4,257.7,224.1,196.76,147.14,105.72,71.6,42.08
239.42,140.22,119.28,87.12,60.92,44.32,31.86,23.1,15.98,10.26,6.1,3.3,1.34,0.0,0.0,0.0,0.0
302.28,196.74,178.42,146.9,116.46,94.26,75.44,59.88,46.82,35.88,27.22,19.38,12.94,4.9,0.7,0.0,0.0
222.2,155.62,142.96,117.7,93.24,75.82,59.72,47.46,36.72,27.98,20.86,15.12,10.54,4.42,1.18,0.08,0.0
1566.04,1373.02,1316.46,1233.88,1140.84,1068.98,1006.52,934.54,864.72,806.52,743.34,677.42,621.22,510.68,398.56,303.0,256.36
517.2,285.34,244.06,187.7,144.1,114.78,91.42,73.46,57.74,45.44,36.04,27.68,20.88,11.92,5.6,1.74,0.16
405.88,205.5,178.04,128.5,93.38,68.84,50.86,36.2,24.76,16.24,10.16,5.62,2.86,0.34,0.0,0.0,0.0
244.86,150.88,118.42,86.12,66.04,52.62,42.9,34.6,28.28,22.5,17.26,13.34,9.58,2.74,0.18,0.0,0.0
211.28,148.06,132.04,105.98,82.32,66.06,53.48,41.42,31.68,24.22,17.72,12.26,8.4,2.7,0.0,0.0,0.0
1364.98,1142.04,1101.74,1044.88,981.02,918.28,863.34,810.44,756.98,700.14,643.16,596.24,542.66,445.5,352.56,264.62,222.72
354.12,263.04,239.54,202.74,163.1,135.4,110.56,88.68,69.8,54.96,42.26,31.44,22.3,9.22,1.7,0.0,0.0
537.26,447.08,424.24,382.38,325.2,281.84,240.1,205.74,173.62,144.46,122.0,99.52,80.64,50.66,28.24,11.58,0.56
644.32,521.46,495.08,446.92,393.2,347.8,307.62,270.92,238.16,208.84,180.96,157.6,135.94,99.2,70.92,47.96,26.66
434.42,356.08,337.32,301.76,258.96,222.22,189.7,162.2,137.84,119.22,98.8,82.42,67.12,42.26,24.44,11.6,2.76
391.56,240.58,215.46,176.6,141.1,117.82,95.42,77.66,63.3,50.14,38.7,29.68,21.58,10.1,3.36,0.48,0.0
987.74,845.66,808.54,743.58,662.52,591.06,528.86,471.74,418.24,371.22,330.6,293.56,254.68,189.56,137.82,97.88,62.44
204.78,118.38,101.86,76.54,54.6,37.84,25.52,15.78,8.68,4.18,1.32,0.02,0.0,0.0,0.0,0.0,0.0
821.24,718.08,684.6,619.74,550.38,490.14,435.92,386.74,336.82,294.5,258.02,223.9,193.54,137.58,91.72,58.0,29.12
436.68,355.94,332.3,291.46,245.38,207.78,176.82,150.48,125.16,103.2,85.18,69.58,56.66,37.08,22.38,11.7,3.52
3446.78,3113.7,3003.62,2833.9,2684.82,2553.38,2451.44,2359.2,2249.68,2134.72,2031.92,1916.78,1820.0,1607.48,1392.14,1233.2,1115.58
230.84,147.14,127.66,101.38,75.28,56.56,42.22,30.14,21.12,14.68,9.16,5.54,2.8,0.22,0.0,0.0,0.0
394.58,342.48,326.46,295.28,256.48,222.56,193.56,168.88,144.96,124.58,105.8,88.78,74.6,50.38,32.54,20.26,10.56
430.02,339.9,314.66,275.46,227.48,191.34,158.42,132.7,109.54,88.84,70.8,55.3,42.88,22.5,8.52,0.28,0.0
479.54,368.76,350.9,314.54,274.66,239.7,208.18,178.44,154.04,132.38,112.02,93.92,78.66,53.56,35.22,22.14,12.64
360.1,274.94,256.38,224.48,190.34,164.72,141.64,121.72,103.18,87.42,73.64,61.3,50.88,33.82,21.9,13.36,6.72
366.9,220.74,202.14,167.06,131.2,104.26,83.78,67.24,53.92,42.34,32.92,25.36,18.78,10.3,4.76,1.58,0.04
487.58,409.24,390.78,351.9,300.64,261.94,221.6,186.9,160.2,133.66,113.76,96.5,81.3,54.56,35.34,21.48,10.28
158.96,123.78,115.12,98.48,81.58,68.7,56.94,47.28,38.82,31.44,25.66,20.7,16.3,9.16,4.52,1.7,0.24
325.7,218.32,199.76,168.22,134.42,103.76,81.74,61.68,47.2,34.1,23.82,15.56,9.6,1.9,0.0,0.0,0.0
340.2,247.92,235.38,204.5,171.62,145.3,122.68,103.42,86.3,72.38,59.84,48.94,40.38,25.74,15.6,8.62,3.66
382.7,293.38,272.1,234.72,190.32,155.6,126.72,100.18,79.48,62.36,47.36,34.74,24.14,8.54,0.18,0.0,0.0
249.5,200.32,186.96,163.5,132.88,109.6,90.48,74.34,61.02,48.74,39.6,31.48,24.78,14.86,8.6,4.46,1.52
975.5,381.22,325.44,242.52,179.06,139.82,110.82,86.68,67.16,51.4,38.46,29.28,21.68,10.72,4.9,1.4,0.06
789.22,667.1,643.08,591.38,537.38,488.84,445.38,402.38,361.72,324.42,290.68,258.98,229.22,177.64,132.82,99.9,74.94
391.98,317.26,300.42,265.44,220.8,186.46,155.28,129.52,105.82,87.12,70.7,56.26,42.52,22.48,9.28,1.76,0.0
456.68,391.56,372.46,334.6,293.02,252.16,217.54,185.52,158.9,134.74,113.16,94.2,78.74,52.24,33.42,19.56,11.32
391.08,217.26,196.32,158.06,119.98,95.08,75.18,59.08,45.62,35.26,26.84,20.24,15.14,7.88,3.62,1.3,0.18
276.7,234.94,222.46,196.22,163.66,136.52,112.94,93.54,76.12,61.72,49.12,39.66,30.06,15.6,6.96,1.64,0.0
408.54,264.46,234.68,194.1,155.88,126.82,105.22,88.34,72.04,58.8,47.0,37.22,28.46,16.1,7.92,2.64,0.0
359.5,277.46,262.78,234.34,201.0,171.94,148.4,127.48,107.7,91.18,77.0,63.58,52.94,34.74,21.94,12.96,7.06
153.62,101.56,90.64,74.96,57.24,44.98,34.46,26.0,19.92,14.48,10.26,6.86,4.3,0.9,0.0,0.0,0.0
2617.86,2213.7,2140.66,2035.2,1906.92,1805.18,1717.2,1624.3,1534.46,1439.22,1355.04,1271.22,1196.4,1036.72,863.68,744.78,672.54
215.64,133.4,117.56,95.94,74.32,58.38,44.78,33.68,24.22,17.3,11.18,6.94,3.78,0.2,0.0,0.0,0.0
270.8,184.2,166.2,136.78,107.22,85.52,70.92,55.66,43.98,34.42,27.04,20.4,15.34,8.46,3.96,1.5,0.2
309.9,228.0,210.62,177.12,143.34,116.54,94.0,76.58,60.78,48.38,39.14,31.46,24.26,14.22,7.46,3.24,0.86
320.76,226.76,206.74,171.68,130.62,100.02,75.1,57.0,40.72,28.46,19.66,13.44,8.38,2.76,0.3,0.0,0.0
233.44,155.32,141.9,118.86,95.5,78.4,63.06,51.36,41.7,33.7,26.68,20.8,16.04,9.28,4.84,1.98,0.36
950.12,840.8,813.34,750.1,677.02,611.78,555.02,500.98,451.16,404.82,362.08,319.76,283.04,217.04,159.26,115.06,77.72
330.42,205.22,177.52,137.14,104.04,83.4,67.44,55.54,45.3,36.84,29.64,24.12,18.74,10.86,5.58,2.36,0.5
284.32,210.04,196.62,167.92,139.02,117.2,98.42,81.86,69.52,57.46,47.84,38.76,31.04,19.48,11.74,6.36,2.5
1535.68,1322.66,1281.4,1213.9,1128.86,1054.62,980.48,913.4,845.04,782.48,722.48,667.42,612.68,516.12,417.44,327.62,286.18
158.74,89.22,77.38,57.12,39.78,28.18,20.28,13.54,8.8,5.52,3.24,1.58,0.58,0.0,0.0,0.0,0.0
526.92,447.2,428.4,392.1,345.46,306.02,267.84,233.48,205.34,180.48,157.28,135.76,117.62,86.0,61.12,42.06,27.86
1447.84,1253.68,1199.82,1120.62,1026.78,955.9,881.92,807.36,749.9,696.6,639.78,590.68,539.56,449.7,367.68,306.54,244.32
218.8,162.78,150.66,129.18,107.44,90.96,77.26,65.68,55.24,46.18,38.32,31.7,25.58,16.2,9.6,5.18,1.92
363.14,227.98,205.16,170.7,139.78,115.48,95.74,80.18,66.9,55.84,46.0,37.56,30.02,18.06,9.68,4.04,0.78
336.0,268.98,253.74,219.28,181.68,154.16,127.98,103.44,84.56,68.9,54.7,41.22,30.32,13.22,3.0,0.0,0.0
788.88,293.16,215.72,142.14,86.08,56.92,38.24,24.2,14.8,8.36,4.36,1.74,0.44,0.0,0.0,0.0,0.0
590.48,507.58,473.64,412.2,339.7,279.98,231.92,194.82,167.12,143.44,123.88,104.44,87.34,59.9,38.84,25.5,15.18
402.2,258.94,241.98,208.86,171.24,140.38,114.22,91.1,72.0,55.72,41.32,29.5,20.8,7.06,0.84,0.0,0.0
731.72,220.24,174.72,114.08,72.3,48.5,33.22,21.16,13.0,7.38,3.42,1.2,0.18,0.0,0.0,0.0,0.0
454.98,361.88,339.38,301.12,263.18,230.3,198.86,172.56,148.3,127.34,107.76,90.62,75.38,48.62,29.58,14.56,6.72
286.48,217.14,200.38,166.16,130.68,101.06,78.44,60.06,43.94,30.62,20.74,12.88,6.46,0.44,0.0,0.0,0.0
254.46,147.94,132.2,105.72,78.02,60.06,45.4,33.76,24.32,17.06,11.14,6.88,3.94,0.5,0.0,0.0,0.0
396.08,257.5,232.06,194.8,157.48,131.16,108.04,88.56,71.26,57.0,44.64,34.06,25.9,13.48,5.98,2.2,0.46
563.2,460.52,436.8,390.82,346.04,300.24,261.88,226.24,199.42,172.42,148.48,125.94,107.18,76.1,51.46,31.72,15.58
1094.5,353.48,297.4,217.62,156.04,120.5,93.66,73.28,56.82,43.14,31.96,23.26,16.04,6.08,1.3,0.0,0.0
1327.02,1064.1,1013.68,922.26,823.4,747.32,689.5,629.34,572.2,523.32,482.22,438.12,398.64,323.94,253.16,204.66,162.84
340.58,244.38,227.64,196.04,157.8,128.02,106.06,86.58,69.76,55.22,44.48,35.06,27.68,16.44,9.12,4.26,1.1
1114.56,930.62,891.7,818.0,740.36,676.78,619.88,564.36,517.72,469.62,424.78,382.18,340.12,272.92,207.24,156.8,127.2
521.72,423.62,399.68,355.98,305.3,264.68,231.66,202.52,177.88,152.94,133.56,115.58,99.74,72.04,51.86,36.32,22.2
336.46,217.98,191.8,152.0,116.42,91.16,71.26,55.14,42.16,32.62,24.98,18.44,13.52,7.06,3.16,1.04,0.12
481.1,411.28,390.1,353.66,308.98,270.1,239.28,210.54,184.66,161.12,140.78,123.1,106.26,77.5,56.54,38.4,22.42
669.32,279.46,230.92,170.58,126.72,96.76,76.08,57.98,43.76,31.82,22.76,15.38,9.86,2.94,0.0,0.0,0.0
334.62,205.2,186.8,152.28,116.82,89.76,68.14,51.94,39.28,29.02,20.42,13.74,8.5,2.32,0.0,0.0,0.0
1816.84,1533.78,1475.62,1370.12,1254.2,1153.58,1064.1,976.46,897.38,825.5,758.72,695.4,639.26,516.84,414.92,325.94,244.44
450.74,366.72,344.38,312.36,269.32,234.9,202.64,174.7,149.74,128.16,109.2,92.48,77.86,53.08,35.64,22.8,14.18
475.98,414.14,389.86,343.52,290.78,245.46,207.38,173.12,143.6,119.92,98.36,79.38,62.8,39.38,23.78,12.94,5.36
287.48,175.42,156.44,130.36,99.22,76.58,59.08,45.16,32.86,25.02,18.6,13.04,8.88,3.68,0.88,0.0,0.0
304.6,231.24,213.44,182.12,145.82,118.18,94.74,75.12,59.16,44.74,33.36,23.36,15.46,5.86,0.88,0.0,0.0
704.28,263.5,224.52,162.1,106.5,74.1,51.4,34.96,23.76,15.6,8.74,4.14,1.34,0.0,0.0,0.0,0.0
802.98,675.08,642.92,584.1,516.74,458.82,408.18,362.16,321.36,283.66,248.44,214.62,186.42,137.7,98.78,65.16,37.3
657.56,546.24,523.24,479.82,424.08,370.1,324.26,287.1,251.9,218.92,190.94,163.42,141.46,102.48,73.74,51.16,30.36
553.24,363.7,327.04,278.12,230.38,195.32,168.38,144.86,125.66,108.4,93.1,79.78,67.62,47.36,32.42,20.56,11.02
506.56,419.66,398.94,356.28,304.22,259.24,222.2,188.72,159.96,136.28,114.28,95.54,78.98,53.44,33.46,19.6,7.92
1474.12,1232.42,1179.48,1096.24,999.22,922.58,849.2,781.08,716.66,659.58,604.44,557.54,505.9,415.72,328.88,259.62,214.66
393.98,284.44,262.1,225.14,189.94,160.1,136.08,114.5,95.3,79.0,65.26,52.92,43.38,28.2,17.82,9.9,4.1
436.06,357.34,336.64,301.24,256.3,213.22,176.74,144.38,117.76,95.54,76.24,58.66,43.34,20.68,6.88,0.04,0.0
305.78,228.44,212.9,188.46,161.58,139.58,118.72,99.88,83.72,69.96,58.04,47.36,37.52,22.42,11.14,4.28,1.34
424.04,244.6,210.82,164.8,122.3,94.74,75.2,58.16,43.44,31.18,21.36,13.98,8.7,2.22,0.0,0.0,0.0
948.4,817.02,780.42,721.26,654.04,602.18,549.84,497.64,452.02,408.96,368.84,332.3,297.66,230.36,176.24,133.88,108.36
403.64,303.48,288.5,257.02,222.88,190.46,161.3,139.42,118.22,100.32,84.34,70.06,57.24,37.72,23.82,14.16,8.08
417.92,267.66,241.62,200.6,159.92,129.02,105.06,84.74,68.3,53.22,41.08,31.1,23.08,11.98,4.92,1.14,0.0
355.84,223.28,197.02,156.8,123.82,98.34,78.86,63.1,49.8,39.44,29.54,22.68,17.34,9.14,4.02,0.98,0.0
263.6,174.16,158.5,132.44,107.28,87.78,69.78,56.64,44.88,34.74,26.54,19.46,14.26,6.18,1.94,0.3,0.0
223.22,137.26,121.8,96.74,72.64,53.1,38.72,27.68,18.9,12.46,7.84,4.38,1.94,0.06,0.0,0.0,0.0
330.3,224.82,199.44,163.78,128.68,103.2,81.92,64.0,49.82,38.14,29.22,22.6,16.34,7.9,2.88,0.38,0.0
329.78,279.28,265.72,239.16,204.3,175.68,148.14,125.6,105.78,88.18,73.74,59.58,48.46,30.66,18.04,9.76,3.6
232.56,159.16,146.12,123.8,100.12,82.82,68.02,55.32,44.0,34.68,26.62,19.66,14.08,6.02,1.24,0.0,0.0
128.5,82.12,72.8,55.3,37.98,25.9,16.0,9.14,4.04,1.02,0.0,0.0,0.0,0.0,0.0,0.0,0.0
257.12,192.18,178.14,153.44,121.68,97.08,79.04,63.04,50.38,39.16,29.6,23.06,17.2,9.22,4.42,1.54,0.16
316.7,213.98,195.6,165.08,134.28,112.2,92.38,76.22,61.58,49.2,39.12,31.16,23.84,13.82,6.92,2.12,0.04
977.78,324.6,270.84,200.94,147.44,112.8,87.56,66.44,49.24,34.5,24.2,15.38,8.48,0.86,0.0,0.0,0.0
206.4,143.38,129.98,106.68,79.56,60.3,44.98,33.1,22.96,15.24,9.6,5.54,2.98,0.34,0.0,0.0,0.0
307.72,254.62,243.12,222.28,194.94,171.44,152.36,132.58,113.68,97.4,83.88,71.62,60.92,42.9,29.24,18.52,13.32
240.98,154.26,140.34,119.74,96.04,79.44,64.68,52.8,43.0,34.84,27.48,21.52,16.58,9.82,5.36,2.6,0.82
243.2,187.38,172.52,144.66,114.98,89.46,70.64,55.74,43.14,33.18,24.74,18.06,12.6,5.12,1.1,0.0,0.0
212.16,140.2,125.0,101.02,74.9,57.8,44.8,34.18,25.36,18.72,13.4,9.74,6.88,3.22,1.22,0.2,0.0
659.04,589.08,568.36,518.32,467.44,428.94,388.26,353.72,319.76,285.62,253.64,223.02,196.46,146.92,103.02,68.08,50.48
577.18,492.92,473.44,425.24,366.54,314.68,271.54,232.04,198.62,169.7,144.74,122.08,101.26,67.72,43.52,24.84,9.72
281.94,159.36,140.6,112.68,87.2,68.98,55.84,44.96,35.24,27.8,21.22,16.26,11.76,5.64,1.9,0.18,0.0
280.86,214.36,197.34,169.38,140.48,119.88,102.4,86.24,71.76,60.64,50.5,41.6,34.12,22.56,14.06,7.66,2.92
265.58,200.74,187.08,160.08,128.52,101.72,81.06,62.96,48.64,38.34,29.14,21.72,15.84,7.76,2.92,0.38,0.0
529.52,399.08,372.12,319.08,265.8,223.0,181.96,151.14,124.82,101.68,81.78,62.94,48.8,26.22,11.1,2.4,0.0
336.24,256.9,238.9,204.32,170.1,143.16,121.16,101.1,83.24,69.0,56.38,44.84,36.36,22.2,12.04,5.14,0.82
879.76,763.46,736.48,676.18,606.36,548.68,493.86,439.64,393.36,349.06,309.14,277.34,242.08,181.36,134.84,96.78,62.6
1431.44,442.58,364.0,274.46,204.42,160.92,129.06,104.98,85.16,67.62,53.16,40.9,31.74,17.5,8.28,3.1,0.58
222.18,168.88,157.98,136.82,113.12,94.44,78.08,64.16,52.58,42.28,33.2,25.78,19.56,10.02,4.2,0.7,0.0
288.46,244.76,231.98,209.04,179.96,153.82,132.6,113.34,95.84,81.6,68.14,57.48,48.04,31.76,20.58,12.28,6.86
494.76,279.62,253.52,211.08,170.8,141.86,118.52,97.26,78.14,63.04,50.68,40.56,32.64,19.68,10.98,4.74,1.04
365.34,245.38,223.2,183.2,143.98,116.14,95.7,77.06,61.42,48.76,39.7,31.26,24.1,14.22,7.68,3.44,0.84
228.58,162.9,145.86,118.44,90.86,70.38,54.44,43.3,33.24,25.06,18.76,13.78,9.9,4.28,1.36,0.16,0.0
494.06,255.16,233.54,187.68,149.2,118.38,94.98,73.24,55.88,41.8,30.92,20.4,13.4,3.72,0.0,0.0,0.0
271.42,204.84,189.36,162.52,133.8,110.12,91.5,74.36,60.8,49.56,39.92,31.58,25.32,15.26,8.68,4.26,1.42
374.66,301.8,278.72,240.72,193.32,159.48,128.52,102.76,82.98,65.72,51.3,38.48,28.28,12.92,3.26,0.0,0.0
347.46,266.86,253.48,225.9,192.48,164.32,139.54,118.14,99.46,81.98,67.38,54.52,43.5,26.9,15.72,7.78,2.86
546.42,453.0,429.94,386.36,329.84,282.96,245.44,212.18,182.72,155.32,132.08,109.9,91.3,62.56,41.92,24.34,11.54
526.26,446.94,427.4,391.8,347.5,309.9,276.92,248.08,221.5,193.6,168.1,144.84,125.14,90.98,65.42,45.4,33.06
1149.32,956.16,911.66,826.52,741.52,663.28,600.44,536.84,485.32,437.34,393.26,352.44,311.48,243.44,184.06,140.74,101.12
1040.28,881.1,843.72,770.9,683.4,608.36,540.98,481.92,429.86,378.54,334.66,296.3,260.92,195.82,141.42,97.74,60.24
198.58,125.48,109.02,84.5,61.52,44.3,29.7,18.58,10.66,5.06,1.64,0.0,0.0,0.0,0.0,0.0,0.0
299.56,206.74,188.96,158.82,126.48,102.26,82.52,66.26,54.18,43.16,33.8,26.02,19.92,11.54,5.68,2.14,0.26
356.28,235.54,215.66,186.0,152.84,125.58,100.26,78.96,61.8,46.96,35.24,25.34,17.48,5.94,0.28,0.0,0.0
327.2,222.0,205.94,175.88,146.1,123.3,103.72,87.22,72.64,59.6,49.52,40.6,32.9,20.52,12.12,6.2,1.86
531.34,411.72,389.0,350.68,304.24,263.7,228.92,199.88,173.04,150.74,130.14,112.82,94.7,64.78,42.48,24.76,9.56
495.64,361.6,338.26,296.6,252.44,220.78,191.98,168.1,146.56,128.12,109.86,94.06,80.08,56.12,39.26,26.6,17.12
593.28,299.62,252.1,184.58,134.88,105.1,81.88,63.7,48.76,37.72,27.8,19.62,13.72,5.18,1.2,0.0,0.0
262.2,174.38,159.1,132.22,105.12,85.36,68.46,54.4,42.5,32.1,24.06,17.54,12.5,5.86,2.08,0.32,0.0
222.78,133.7,118.28,89.76,64.46,48.12,35.44,25.7,18.18,12.76,8.76,5.6,3.5,0.96,0.0,0.0,0.0
369.18,290.72,273.0,239.92,205.88,176.9,152.24,130.42,111.54,94.22,79.5,66.1,54.4,34.78,20.0,9.06,2.96
358.38,283.08,261.94,230.72,193.86,164.56,139.3,118.68,99.5,83.08,68.62,56.38,45.4,29.14,17.38,8.94,2.5
1768.72,1506.2,1445.14,1355.72,1256.38,1179.2,1104.18,1037.34,974.9,916.62,860.14,796.62,741.12,622.68,501.14,418.66,367.78
489.18,433.08,414.1,369.72,318.2,275.58,240.04,207.94,179.36,154.58,131.8,111.92,94.18,66.48,45.9,29.58,14.54
289.48,223.3,207.5,180.32,150.94,126.74,104.76,85.74,68.58,55.32,44.16,33.98,26.12,14.4,7.14,2.88,0.48
395.14,258.4,232.32,193.66,153.56,122.96,100.04,80.4,63.04,50.26,40.3,31.54,24.3,14.4,8.06,3.76,1.12
536.48,418.88,390.04,337.36,279.98,236.84,197.02,164.82,135.7,111.46,86.98,68.78,52.5,28.58,12.06,2.32,0.0
1487.68,1235.92,1192.32,1099.42,1007.18,927.76,847.28,775.78,713.48,652.14,590.56,532.86,479.64,381.06,292.78,220.8,178.94
256.86,163.66,141.84,114.06,85.04,63.3,46.38,32.8,22.64,14.72,9.08,5.38,2.7,0.2,0.0,0.0,0.0
257.06,192.38,177.62,153.0,126.4,104.4,86.16,69.72,56.06,44.16,34.7,26.36,19.18,8.54,2.76,0.0,0.0
833.28,716.4,685.28,628.18,561.42,500.8,445.06,396.4,353.16,312.92,277.54,244.44,215.68,160.46,115.8,82.56,56.72
1635.26,1193.04,1146.98,1073.64,983.62,899.58,832.44,766.34,703.84,645.78,588.22,534.1,488.58,398.3,321.18,251.26,206.12
460.72,384.36,364.04,330.14,288.2,252.36,221.02,193.32,169.0,145.7,125.8,107.46,91.44,64.0,43.36,28.24,16.36
290.26,205.2,188.0,154.88,118.78,96.78,79.78,66.16,53.74,43.28,33.86,26.02,19.74,9.92,4.0,0.46,0.0
299.38,222.98,207.78,181.32,151.94,125.7,104.98,88.04,73.72,61.9,51.84,44.0,36.08,24.26,15.02,9.24,4.92
2292.6,2070.64,1985.58,1846.88,1699.88,1574.7,1477.9,1371.22,1263.54,1167.0,1077.94,998.4,924.26,780.56,642.62,529.06,415.16
497.5,403.62,377.22,322.04,273.18,237.98,205.36,176.58,152.12,131.26,111.72,94.52,79.9,56.38,37.32,23.22,11.08
388.48,250.78,221.8,179.14,135.22,107.96,83.96,65.9,50.94,38.38,28.1,20.42,14.62,6.94,2.72,0.56,0.0
273.98,235.24,222.66,197.08,166.72,139.46,115.14,95.58,78.42,62.48,51.08,40.7,32.2,18.62,9.66,3.68,0.34
368.96,276.14,260.44,225.06,188.06,158.62,133.98,113.36,95.2,79.82,66.48,54.04,43.28,27.64,15.66,6.54,0.7
282.9,192.6,174.72,147.9,118.96,95.88,79.58,65.48,52.78,42.34,33.76,25.94,19.16,10.5,4.86,1.48,0.0
342.06,293.02,277.32,240.28,186.34,145.64,115.64,97.14,83.32,72.92,64.12,56.64,49.56,37.9,28.56,18.78,13.7
295.5,225.0,214.22,188.18,159.14,135.4,114.44,98.84,85.26,72.16,60.22,50.48,41.5,27.82,18.34,10.2,4.28
366.22,215.28,186.86,146.06,107.04,80.78,60.28,43.32,30.54,20.2,13.24,7.66,4.12,0.36,0.0,0.0,0.0
461.42,392.28,371.14,331.18,279.74,239.94,204.32,173.56,146.4,121.18,98.68,80.92,65.62,42.32,27.08,15.3,7.72
272.34,204.04,186.36,158.82,124.74,98.44,75.86,56.28,42.74,29.34,19.28,11.1,5.34,0.0,0.0,0.0,0.0
506.08,309.54,265.54,205.72,156.46,123.92,94.62,74.12,56.68,41.42,28.92,19.5,11.68,3.68,0.34,0.0,0.0
272.52,152.52,135.52,108.58,82.08,63.52,48.04,35.74,25.92,18.02,11.98,7.52,4.48,0.92,0.0,0.0,0.0
275.32,174.3,155.26,129.26,104.04,84.86,69.12,56.06,45.38,35.56,28.1,21.5,17.02,9.66,4.92,1.98,0.34
1688.56,1430.4,1367.52,1263.32,1161.32,1072.62,988.96,917.72,841.58,780.44,722.22,653.84,593.72,486.3,395.46,329.18,262.78
228.36,143.92,124.02,95.44,71.6,55.64,43.06,32.28,23.46,16.96,11.52,7.4,4.6,0.88,0.0,0.0,0.0
204.12,140.72,127.32,102.6,74.72,54.06,38.54,25.52,15.32,7.84,3.16,0.3,0.0,0.0,0.0,0.0,0.0
973.32,820.76,775.94,706.2,609.94,532.84,465.06,413.88,368.16,326.78,285.86,252.78,222.32,169.54,121.08,91.46,73.72
403.58,310.74,288.3,249.54,209.08,178.86,151.7,127.68,106.44,86.06,71.1,57.28,45.86,28.18,14.78,6.46,0.74
218.52,174.08,163.08,143.5,117.46,95.52,78.08,63.08,50.02,39.12,30.68,23.86,17.74,9.64,4.68,2.1,0.46
334.6,278.0,262.24,230.68,197.28,168.2,144.26,122.58,103.8,88.04,72.98,61.46,50.06,33.16,21.24,11.86,5.34
410.54,337.66,322.38,292.94,257.68,225.56,196.06,170.28,147.4,126.64,108.28,92.34,76.94,53.08,36.16,23.0,14.34
469.7,171.3,143.84,101.74,70.9,50.92,36.44,25.38,16.38,9.22,4.0,1.04,0.0,0.0,0.0,0.0,0.0
1081.36,903.02,857.12,787.66,715.42,661.84,603.78,556.66,513.2,469.46,430.52,393.1,357.46,289.82,221.94,173.74,145.48
236.86,167.28,150.64,123.82,93.52,72.52,55.64,41.14,29.98,21.4,14.14,8.56,4.72,0.28,0.0,0.0,0.0
271.28,196.36,179.3,152.18,123.26,100.98,84.24,68.22,55.0,44.08,35.04,27.54,21.38,12.76,7.1,3.42,1.14
424.9,364.8,344.64,309.56,258.08,217.16,185.2,154.68,126.98,102.24,81.24,63.56,48.58,26.02,10.46,1.86,0.0
1189.7,1031.84,998.32,923.84,855.28,797.4,740.12,688.56,639.28,588.76,541.76,490.38,446.4,367.18,283.76,218.72,183.2
1903.44,1644.2,1570.24,1478.42,1351.42,1259.34,1176.34,1103.72,1031.58,957.84,888.12,823.96,757.3,637.22,527.16,438.62,351.92
532.52,397.54,367.98,324.12,276.42,238.9,208.16,181.46,157.34,135.62,116.46,101.0,86.36,61.46,41.18,26.42,13.34
246.82,180.44,166.56,142.64,115.36,89.88,69.5,53.22,39.48,28.2,18.58,11.32,6.92,1.84,0.0,0.0,0.0
471.14,410.42,389.48,348.42,298.82,256.22,214.72,181.64,151.74,128.5,108.06,89.52,73.82,47.26,30.08,17.74,9.48
271.44,188.66,174.22,148.88,118.72,96.22,76.14,60.88,48.24,37.5,28.74,21.66,16.38,9.3,4.78,2.12,0.72
481.72,278.08,242.06,188.14,140.58,104.76,78.0,56.94,40.82,27.62,17.64,10.54,5.92,0.86,0.0,0.0,0.0
917.78,383.16,322.86,252.04,193.26,154.36,125.16,99.86,79.2,61.66,47.24,36.34,26.12,11.62,3.26,0.2,0.0
812.3,681.84,652.16,607.06,555.84,510.58,467.68,429.06,391.46,356.48,323.34,294.28,264.18,211.04,163.68,126.72,98.44
728.3,321.54,280.96,216.06,159.1,121.56,93.42,67.84,49.96,36.04,24.86,15.88,10.06,2.86,0.32,0.0,0.0
265.1,187.1,172.46,146.26,118.24,96.98,77.58,62.58,50.18,40.16,31.32,24.48,18.82,10.56,5.6,2.48,0.7
288.82,217.22,200.84,174.74,146.34,122.72,101.7,83.54,68.26,55.28,43.54,34.6,27.08,15.78,8.64,4.2,1.5
365.54,191.8,172.32,142.88,114.26,93.96,76.78,63.08,50.94,40.38,32.28,25.54,19.72,11.36,5.86,2.52,0.62
285.52,219.88,197.82,148.12,112.84,92.24,77.32,66.0,55.34,46.94,38.66,32.2,25.96,16.32,8.66,4.62,2.0
351.52,293.98,276.46,243.5,202.86,168.28,140.74,116.46,96.56,78.44,64.4,52.32,41.6,24.9,13.84,6.7,2.24
268.56,155.74,138.2,106.88,78.6,59.08,44.24,32.14,22.46,15.58,10.06,6.34,3.6,0.52,0.0,0.0,0.0
755.94,363.34,307.2,237.88,176.56,141.74,113.7,91.12,73.16,56.48,42.6,32.72,24.46,13.32,6.54,2.9,1.02
527.8,251.8,212.78,159.02,113.84,86.98,64.88,49.94,37.46,27.28,19.86,14.08,9.62,4.12,1.22,0.06,0.0
1569.7,1320.24,1264.12,1169.88,1047.48,961.96,884.48,804.46,739.14,681.92,622.92,567.88,516.12,420.72,333.14,276.58,218.5
374.28,240.58,223.4,190.96,153.82,125.44,98.64,79.02,62.26,49.18,36.9,27.38,19.2,7.9,2.0,0.02,0.0
603.3,499.4,476.36,434.04,379.8,336.36,297.48,265.26,235.06,208.84,183.68,161.42,140.48,104.46,78.48,57.48,38.0
387.28,253.2,223.46,178.92,139.18,111.5,86.7,68.26,53.16,40.64,30.96,23.02,16.32,7.6,2.86,0.46,0.0
516.1,441.52,417.92,378.62,330.76,289.86,251.68,221.56,193.26,166.98,144.02,125.2,107.36,78.48,58.08,39.58,23.36
155.62,100.78,88.7,71.92,53.64,42.42,33.56,26.76,20.98,16.72,13.06,10.26,7.96,4.82,2.6,1.12,0.26
517.38,412.82,380.86,332.04,275.1,227.54,188.64,156.08,125.68,99.62,74.72,56.5,41.8,19.12,5.0,0.0,0.0
1267.38,1097.96,1051.32,979.46,882.66,810.62,745.66,683.8,632.76,580.46,535.5,490.14,447.94,363.5,286.62,226.92,169.94
426.28,284.48,261.2,224.88,183.76,149.96,123.48,100.94,81.78,66.08,53.2,42.38,32.64,17.98,7.46,0.94,0.0
824.78,215.52,188.68,141.66,103.48,78.76,60.16,44.66,32.46,22.3,14.64,9.3,5.9,1.72,0.2,0.0,0.0
1352.36,1179.46,1140.98,1067.48,987.82,924.7,853.16,793.68,735.14,675.46,621.38,574.86,532.42,441.52,359.76,285.42,246.52
387.04,326.42,308.68,277.02,241.0,207.6,180.58,157.62,136.1,117.72,101.36,86.94,74.24,52.5,35.58,23.4,14.16
320.4,273.22,259.06,230.48,192.38,160.96,133.7,111.54,92.3,75.54,62.16,50.08,40.0,24.36,13.24,4.26,0.0
599.72,467.44,439.58,389.62,333.26,284.54,243.26,203.62,171.26,142.5,118.06,95.94,76.14,46.96,25.42,10.64,1.02
362.56,270.62,240.42,196.48,154.94,126.82,102.12,81.8,65.52,52.24,41.38,32.12,24.66,14.42,7.18,3.0,0.66
472.34,261.7,233.32,194.76,152.16,121.94,99.98,81.36,66.2,52.32,41.3,31.88,24.76,13.82,7.14,2.96,0.6
808.72,704.0,671.34,608.66,538.1,482.56,429.02,382.28,339.1,302.32,268.76,237.34,209.22,159.74,120.16,89.32,61.12
656.46,552.66,524.96,485.02,433.06,390.76,347.92,314.72,280.5,251.0,220.64,193.46,169.86,127.66,94.38,64.6,44.7
1253.16,494.68,407.4,296.2,211.4,166.72,133.5,109.72,88.7,70.9,58.1,46.32,36.66,21.0,9.8,3.26,0.34
289.44,242.9,229.06,206.04,174.76,150.42,127.32,105.7,88.2,74.0,59.26,46.52,35.78,18.8,6.76,0.72,0.0
1028.42,891.3,852.82,783.64,693.68,621.86,561.84,505.36,453.7,399.3,354.44,313.38,275.22,208.98,149.94,107.84,69.38
3459.3,753.26,611.68,431.18,299.06,233.06,182.0,142.06,108.56,81.64,61.06,44.88,32.8,16.24,7.42,3.16,0.76
246.86,149.12,133.04,108.94,84.3,66.74,53.04,42.26,33.1,24.96,18.62,13.18,9.36,4.2,1.34,0.12,0.0
302.3,216.58,201.34,171.04,138.24,113.62,90.82,71.12,55.1,41.72,30.32,20.24,13.08,3.18,0.0,0.0,0.0
608.04,503.68,483.96,449.4,401.84,365.0,328.12,296.34,268.48,242.18,215.74,194.0,172.24,132.78,99.1,71.92,56.6
2368.26,2060.44,1990.88,1875.54,1759.9,1665.84,1576.38,1494.68,1424.6,1336.98,1261.1,1169.28,1093.5,938.98,781.96,666.28,581.14
1045.24,830.08,791.5,727.26,653.56,589.06,528.44,476.06,428.76,384.4,348.1,311.02,281.92,213.18,162.96,118.32,92.4
263.94,164.28,145.72,120.86,94.4,73.5,57.46,43.44,33.2,24.96,18.8,13.74,9.94,4.76,1.66,0.14,0.0
359.22,230.76,211.78,179.72,145.44,121.38,100.32,83.02,66.62,52.82,42.56,33.5,25.5,15.06,8.22,3.96,1.36
501.06,329.44,292.36,241.6,193.62,159.76,130.22,106.98,88.46,72.42,59.48,48.2,39.04,23.66,12.92,6.2,1.9
264.34,195.56,178.6,151.28,121.3,97.14,76.54,59.72,45.98,34.82,25.54,18.22,11.82,3.26,0.0,0.0,0.0
448.26,248.66,218.52,173.34,133.68,106.66,85.9,67.84,53.16,42.5,33.14,24.9,19.0,10.86,5.1,1.78,0.24
213.86,165.64,154.84,132.8,104.06,80.74,63.68,51.14,40.54,31.1,24.08,18.22,13.62,7.18,3.58,1.38,0.3
366.08,311.96,299.08,272.04,242.62,217.06,195.86,173.64,153.56,135.28,117.9,102.8,88.76,64.46,44.84,30.5,21.52
240.38,157.1,144.48,116.6,90.0,70.48,54.36,41.88,30.0,20.98,14.04,9.1,5.14,0.9,0.0,0.0,0.0
432.24,338.04,316.74,282.96,247.14,215.06,187.06,161.14,137.14,117.06,98.26,81.08,67.74,45.3,27.28,15.32,7.38
533.36,337.74,300.6,250.78,199.5,160.06,130.86,107.98,88.84,71.18,55.7,42.62,32.88,16.8,6.04,0.2,0.0
531.2,435.06,411.62,365.54,313.32,269.62,232.04,200.82,174.02,148.44,124.88,103.38,83.48,52.06,29.8,13.02,2.14
258.16,182.88,161.18,131.7,100.36,77.02,55.34,39.8,27.52,17.88,10.86,5.42,1.54,0.0,0.0,0.0,0.0
347.14,279.26,263.22,230.78,196.28,170.14,146.14,124.16,106.58,90.02,76.26,64.08,53.76,37.5,24.54,15.74,9.6
323.18,282.82,269.4,243.96,210.94,182.14,153.4,130.26,110.48,93.18,77.88,64.66,53.78,36.4,24.0,15.06,7.58
691.98,569.98,537.26,482.34,424.24,373.86,326.42,283.02,246.26,214.22,185.26,159.16,134.58,94.28,65.32,39.2,15.14
760.0,386.48,343.26,298.52,253.64,224.7,202.98,182.68,165.08,147.96,133.3,119.5,106.94,82.48,61.54,53.26,46.74
325.52,256.06,241.52,212.18,178.4,150.0,126.52,107.16,88.58,74.8,61.5,50.72,40.94,25.86,15.68,8.54,3.84
640.8,562.4,542.54,501.62,443.52,388.26,341.34,299.6,263.04,229.84,199.12,171.44,144.22,100.54,68.16,42.34,24.14
292.36,194.86,170.06,137.5,103.92,80.4,60.58,44.32,31.84,22.44,14.96,9.74,5.8,0.78,0.0,0.0,0.0
344.24,243.88,228.92,195.98,162.68,134.16,109.12,88.14,71.38,57.72,45.04,34.12,25.44,13.18,5.1,0.5,0.0
318.62,229.82,214.02,181.66,144.02,114.7,90.18,70.36,53.06,39.06,26.66,17.78,10.94,2.9,0.0,0.0,0.0
408.08,300.1,278.2,243.08,203.36,172.12,144.0,118.92,98.42,80.1,65.7,52.2,41.32,24.62,13.62,6.24,1.74
200.88,144.36,132.12,111.18,89.98,72.76,59.8,49.36,40.46,32.52,26.3,20.6,16.14,9.48,5.04,2.38,0.76
249.38,164.54,145.94,118.2,91.7,71.22,55.76,42.74,32.8,24.72,18.18,13.28,9.74,4.96,2.18,0.7,0.06
333.92,210.34,188.12,153.46,115.62,92.66,73.04,56.88,44.12,33.2,24.34,17.78,12.14,4.2,0.26,0.0,0.0
300.06,240.98,225.04,197.46,168.6,145.02,123.74,104.2,89.6,76.58,65.6,54.14,44.52,30.36,20.06,12.28,5.78
617.3,542.48,522.26,472.14,417.48,367.06,319.0,279.88,243.28,213.76,183.84,158.6,134.92,95.02,66.3,42.54,23.62
165.16,122.84,111.7,89.62,68.72,51.9,38.8,28.78,20.74,14.8,10.34,7.34,5.02,1.98,0.64,0.02,0.0
337.16,277.32,259.52,231.58,192.5,161.1,136.3,115.4,97.78,81.56,66.98,55.18,45.34,30.04,19.58,10.9,4.56
367.34,210.58,182.66,149.24,115.12,90.68,71.3,56.02,44.12,34.12,25.38,18.7,13.08,5.42,1.2,0.0,0.0
236.44,156.42,139.74,112.92,85.24,66.14,50.88,38.32,28.04,20.2,14.42,9.54,6.4,2.4,0.44,0.0,0.0
539.92,359.3,328.06,274.7,222.78,177.74,145.5,115.4,90.56,69.5,50.22,37.34,26.36,10.32,1.98,0.0,0.0
285.46,179.32,160.94,128.26,97.82,77.26,61.78,49.1,38.88,30.4,22.98,17.18,12.46,5.8,2.08,0.24,0.0
427.6,350.96,329.8,290.54,246.36,212.92,183.82,159.12,136.92,117.56,98.9,83.34,70.54,49.04,33.1,20.22,10.6
418.34,306.54,282.02,238.84,201.66,168.94,140.5,118.92,98.68,80.8,65.12,52.12,41.46,25.28,15.04,7.1,2.14
684.78,540.98,519.84,478.36,426.42,379.76,339.72,305.34,269.7,240.88,214.12,190.54,170.0,129.96,98.92,74.42,55.7
264.88,202.32,188.86,162.54,131.96,106.7,84.46,67.48,52.78,40.8,31.28,23.32,16.6,7.1,2.28,0.16,0.0
282.48,210.98,198.48,175.2,146.9,126.96,108.6,93.84,80.2,68.78,58.52,48.82,40.6,26.98,16.8,9.68,4.34
995.6,863.86,828.3,761.22,675.02,606.6,550.64,500.24,451.56,409.0,365.66,325.84,285.62,220.28,168.18,128.84,87.76
718.58,578.06,547.78,484.66,427.82,380.32,336.28,296.54,261.32,230.62,200.2,173.28,149.0,111.9,80.68,54.74,38.64
1875.56,1550.28,1490.04,1407.6,1315.94,1236.22,1171.64,1110.86,1054.04,990.18,921.28,860.96,803.56,692.66,588.78,490.98,432.0
183.26,136.76,125.56,103.24,81.02,64.5,50.8,38.86,28.58,20.64,14.64,9.64,6.18,1.8,0.0,0.0,0.0
743.04,431.9,371.18,308.74,238.26,193.58,163.32,137.18,113.08,92.34,74.82,60.24,47.96,27.82,13.54,4.4,0.02
254.26,145.26,130.24,106.54,82.4,64.56,51.08,38.44,29.38,21.58,16.08,11.22,7.58,2.84,0.32,0.0,0.0
205.3,136.6,123.68,105.78,85.98,70.78,58.56,48.4,39.56,32.42,26.06,20.46,15.46,8.5,3.96,1.26,0.06
426.4,239.28,196.0,146.7,98.76,72.76,52.78,37.08,24.9,15.56,9.3,4.94,1.92,0.0,0.0,0.0,0.0
245.94,143.82,119.58,93.12,65.24,49.04,35.78,25.08,16.4,9.56,4.94,1.74,0.08,0.0,0.0,0.0,0.0
936.16,830.76,787.94,730.94,658.14,597.64,543.88,485.2,431.36,385.2,339.72,297.74,263.2,193.32,140.78,88.34,70.54
521.46,405.32,373.98,324.36,275.32,234.74,199.44,171.24,141.92,118.72,98.7,82.02,66.38,42.28,23.26,11.72,3.38
827.84,655.24,623.98,579.12,517.8,463.72,414.38,368.04,329.68,296.32,261.22,228.38,200.18,150.98,114.18,83.6,65.0
286.58,185.02,170.84,146.1,120.36,100.82,84.34,71.08,58.48,47.9,39.0,32.52,26.4,16.34,9.78,4.8,1.36
3024.24,2733.08,2645.46,2490.62,2322.92,2167.58,2025.02,1887.48,1754.62,1648.8,1541.12,1432.44,1345.38,1153.9,983.68,836.02,689.08
338.7,217.44,195.86,155.86,119.26,91.48,70.7,53.12,40.78,31.4,23.04,17.1,12.32,5.92,2.34,0.66,0.0
692.52,593.18,564.22,516.28,464.2,419.02,377.28,338.82,306.26,275.8,243.06,215.9,190.08,147.16,109.54,79.68,64.24
275.64,208.24,190.42,162.04,128.46,101.52,81.84,65.28,50.92,39.54,30.18,23.26,17.76,10.06,5.4,2.52,0.94
2477.38,440.08,312.42,169.22,91.6,53.22,33.08,19.84,10.66,5.64,2.3,0.6,0.0,0.0,0.0,0.0,0.0
762.1,657.88,637.28,588.92,531.78,487.14,444.2,406.74,370.54,339.0,305.7,275.14,246.74,199.08,151.9,112.34,93.7
791.74,655.0,622.74,561.7,493.76,444.42,395.72,353.46,315.26,278.06,244.24,214.82,185.32,139.9,103.82,74.74,51.6
290.44,243.26,232.64,211.12,184.68,162.32,141.46,122.74,107.3,92.84,79.58,68.18,58.54,41.84,29.22,19.5,12.86
295.32,232.86,219.38,193.42,163.36,138.08,115.66,95.58,78.16,63.6,51.32,40.1,30.36,15.74,6.02,0.64,0.0
304.08,216.08,201.98,178.88,151.76,132.84,116.4,100.38,86.82,74.18,63.06,53.58,44.44,29.7,18.5,10.86,5.22
265.24,158.58,140.08,112.02,83.16,64.84,49.7,37.06,27.08,19.0,12.78,8.24,4.88,0.64,0.0,0.0,0.0
372.78,292.76,276.68,241.58,204.94,175.62,148.72,126.92,107.7,91.48,77.16,64.98,53.08,35.64,22.4,12.66,3.98
1349.18,1088.66,1050.1,985.82,909.86,846.24,783.22,727.06,673.76,621.84,572.86,524.62,476.96,390.94,313.28,251.6,215.92
205.38,126.38,110.48,88.14,66.4,50.28,37.28,27.16,19.32,13.18,8.54,5.12,2.88,0.52,0.0,0.0,0.0
285.64,167.28,147.7,115.56,86.92,67.1,52.62,40.56,30.64,22.48,16.54,11.84,8.04,3.62,1.26,0.14,0.0
288.26,176.88,157.46,127.68,97.1,76.68,60.68,46.6,35.16,26.46,19.08,13.18,8.64,3.18,0.56,0.0,0.0
487.6,398.18,375.44,322.54,269.28,231.52,201.72,178.24,155.82,135.18,116.58,100.5,86.18,62.0,41.82,28.3,20.24
2642.78,2310.0,2241.16,2129.74,2027.42,1937.24,1857.98,1787.96,1707.32,1634.22,1549.26,1470.26,1391.0,1227.88,1065.42,933.46,823.58
438.46,256.74,232.24,191.5,150.8,123.02,101.34,83.8,67.6,54.02,42.6,32.96,25.14,13.24,5.3,0.78,0.0
1747.7,233.54,180.36,119.76,78.78,55.86,40.24,28.52,19.56,12.76,8.32,4.98,2.82,0.44,0.0,0.0,0.0
1051.82,892.1,853.8,796.58,729.5,672.18,621.14,572.7,523.5,474.26,429.56,384.02,342.18,267.18,201.9,141.66,114.58
1836.16,428.88,318.46,197.74,123.94,85.62,61.26,44.98,32.52,22.88,15.74,9.84,5.74,1.28,0.0,0.0,0.0
290.06,191.18,175.12,148.24,116.8,93.28,73.6,57.12,43.34,32.0,23.12,15.74,10.28,2.74,0.0,0.0,0.0
814.62,691.3,662.98,613.48,554.04,504.54,454.52,413.4,370.3,329.96,290.38,257.4,226.74,171.54,126.54,81.08,57.46
803.22,664.94,629.0,567.2,503.82,453.64,407.04,366.64,328.12,293.9,262.04,233.66,205.18,155.56,115.38,83.28,56.0
514.76,435.48,418.96,383.54,341.68,304.78,271.74,242.84,217.62,193.54,170.62,149.22,129.52,97.56,72.12,50.82,37.42
458.3,272.06,244.14,197.0,152.46,120.0,91.62,71.0,52.34,37.6,25.86,16.96,10.5,2.98,0.1,0.0,0.0
1778.22,1513.34,1454.22,1349.9,1246.84,1174.48,1106.7,1036.28,976.06,915.68,854.56,798.24,741.44,630.48,530.34,453.4,391.86
277.58,233.9,223.44,202.84,175.82,153.3,133.12,114.34,98.86,84.58,71.68,60.9,51.58,35.28,23.32,14.38,9.22
251.14,193.1,173.9,145.6,115.48,92.16,74.14,58.7,46.4,35.12,26.82,19.94,14.08,6.06,1.62,0.0,0.0
179.32,126.8,114.38,94.98,72.9,57.4,44.2,33.68,25.36,18.34,12.9,8.8,5.62,1.82,0.38,0.0,0.0
400.68,293.1,270.4,235.04,196.58,169.22,146.18,126.12,108.74,92.54,78.1,65.12,54.7,38.12,24.44,15.56,8.32
839.48,622.0,586.24,535.42,474.64,420.22,375.32,336.58,298.56,266.56,234.76,208.76,183.72,138.3,101.6,73.6,50.56
604.12,496.46,475.1,440.82,396.5,359.16,320.38,287.28,255.9,225.24,196.92,171.74,148.54,106.56,72.34,43.5,30.48
727.56,632.22,603.32,556.96,505.5,461.92,423.38,386.46,353.06,320.12,289.34,259.44,230.82,180.64,135.96,101.7,83.18
435.66,342.3,325.32,291.0,251.44,219.48,191.18,163.3,139.24,119.96,102.1,84.78,70.14,47.2,29.96,16.68,7.76
1501.36,1233.64,1180.76,1099.96,1016.32,947.34,887.66,829.52,769.38,713.62,657.44,607.78,554.66,447.88,348.82,274.14,221.84
585.94,453.58,422.52,372.54,317.2,278.06,242.7,211.66,186.22,160.34,138.58,118.36,99.74,68.9,44.78,26.82,11.86
864.72,707.18,672.14,597.92,496.04,401.68,329.42,274.46,237.36,205.58,179.12,154.18,131.02,93.48,74.32,44.48,20.02
421.28,284.64,259.8,216.86,174.74,142.06,117.96,97.32,80.98,66.38,53.62,43.34,35.02,21.72,11.84,5.06,0.88
290.58,171.2,153.6,126.24,95.54,73.4,56.08,42.24,31.26,22.82,16.0,11.1,7.84,3.42,1.16,0.12,0.0
527.34,459.42,442.78,409.4,365.9,327.22,291.72,258.18,228.88,202.32,176.7,153.94,133.72,100.12,72.64,51.9,36.82
266.4,205.48,191.98,166.08,135.04,109.56,89.48,70.82,56.42,44.34,33.74,24.88,17.36,7.3,1.94,0.0,0.0
479.58,387.96,366.38,327.16,280.56,241.24,205.74,174.2,146.34,121.84,100.64,83.96,69.12,45.62,29.4,17.26,9.02
205.26,124.64,111.56,90.4,71.8,56.98,45.28,35.24,26.9,20.08,14.44,9.78,6.42,1.78,0.0,0.0,0.0
632.96,480.88,450.32,398.14,338.82,290.8,249.5,212.48,179.72,151.22,126.12,102.94,83.74,53.9,30.68,15.62,3.9
322.16,203.08,182.38,152.58,121.94,99.2,79.92,63.54,49.2,37.74,28.34,20.4,13.98,4.58,0.32,0.0,0.0
2042.38,350.0,281.36,190.86,130.26,97.08,73.44,56.5,42.82,32.46,24.22,17.62,12.34,5.5,1.74,0.2,0.0
1063.68,868.98,829.48,765.6,695.94,638.36,585.44,536.26,490.1,449.88,410.64,375.9,340.96,272.22,215.58,173.76,134.12
386.34,318.0,300.48,268.76,231.22,201.0,174.02,150.0,127.5,108.72,91.5,76.14,63.76,42.62,26.66,15.44,8.4
1003.74,222.98,181.38,131.88,94.54,71.82,56.1,43.8,34.54,26.98,21.24,16.22,12.08,6.34,2.74,0.8,0.08
328.92,210.9,181.0,142.1,106.82,80.22,60.1,43.92,30.58,21.38,13.74,7.8,3.84,0.0,0.0,0.0,0.0
389.96,323.96,303.4,270.06,228.82,194.28,164.14,137.78,116.24,97.56,81.68,67.9,55.54,37.14,23.66,14.22,7.5
634.34,544.44,524.32,484.32,435.12,393.78,355.74,318.34,285.1,254.48,226.84,200.04,176.2,134.94,100.24,72.86,56.5
458.32,316.3,285.22,244.56,202.22,171.64,146.1,122.98,103.36,85.86,71.98,58.68,48.1,31.78,19.82,11.82,5.8
5290.82,766.22,497.24,259.26,139.58,83.44,48.14,28.16,15.9,7.72,2.52,0.52,0.0,0.0,0.0,0.0,0.0
348.86,177.16,151.14,114.28,81.38,59.04,41.94,28.54,18.46,11.32,5.88,2.56,0.7,0.0,0.0,0.0,0.0
324.04,148.9,125.88,95.32,71.36,56.34,45.26,36.66,29.98,24.52,20.04,16.3,13.08,8.0,4.44,1.94,0.46
651.9,569.14,544.1,501.22,450.36,405.68,365.28,326.82,293.78,262.76,232.36,204.78,180.48,137.24,101.6,73.26,54.8
340.92,207.04,187.34,158.06,125.7,104.34,85.4,70.06,57.04,46.16,37.16,29.5,23.5,13.92,7.84,3.92,1.56
1635.38,1456.26,1409.0,1333.86,1249.7,1176.84,1100.82,1027.76,958.0,893.7,820.46,761.56,695.3,581.02,472.08,382.8,333.8
355.18,212.12,190.02,153.98,119.82,96.18,78.06,62.86,49.92,38.78,30.48,23.18,17.8,10.44,5.92,2.86,0.78
629.64,439.82,403.04,333.98,268.88,223.58,184.12,154.54,127.86,104.56,83.94,67.36,51.44,28.7,14.6,5.84,2.02
342.14,269.54,253.6,221.34,187.9,158.66,132.62,111.44,92.22,74.44,61.06,48.56,38.4,21.86,11.44,3.74,0.0
420.12,232.88,215.6,184.46,151.88,126.48,105.4,86.3,70.78,57.66,45.94,37.04,29.22,17.28,9.1,3.72,0.76
136.62,99.82,89.58,70.78,50.08,35.7,25.04,16.82,10.88,6.46,3.08,1.04,0.1,0.0,0.0,0.0,0.0
239.8,154.96,141.3,118.14,91.82,72.46,58.56,45.92,35.74,28.14,21.7,16.5,12.26,6.72,3.32,1.3,0.2
698.68,454.78,420.08,358.8,302.1,261.0,227.6,195.78,170.0,145.36,124.48,105.24,88.84,61.94,40.62,24.56,10.88
229.02,157.32,142.12,118.84,94.38,75.82,61.14,48.14,37.48,28.72,21.9,16.56,12.18,5.5,1.66,0.0,0.0
358.06,206.84,188.84,161.58,132.74,109.72,90.24,73.56,59.1,46.76,36.92,28.36,20.96,10.64,4.56,1.62,0.42
1328.36,1149.58,1108.7,1036.0,959.46,896.84,836.2,774.74,718.72,661.3,605.82,554.82,506.72,411.14,328.8,254.14,208.98
604.88,501.76,478.46,429.2,372.3,326.9,282.14,245.22,212.12,180.24,152.9,129.8,107.34,72.18,46.38,26.86,12.52
193.32,139.5,124.0,102.6,79.24,58.92,44.92,33.26,24.04,16.9,11.1,7.12,4.0,0.54,0.0,0.0,0.0
272.2,169.8,146.48,114.76,85.38,62.7,46.88,32.34,22.5,14.72,8.66,4.62,1.48,0.0,0.0,0.0,0.0
235.62,158.38,139.6,113.86,86.62,65.2,48.66,35.6,23.7,15.5,9.88,5.66,2.74,0.08,0.0,0.0,0.0
212.22,143.74,128.74,101.24,76.64,56.34,41.28,29.46,20.34,13.86,8.34,4.76,2.28,0.12,0.0,0.0,0.0
381.94,222.84,197.68,160.98,128.3,103.96,84.64,68.08,54.44,43.28,34.26,26.9,20.58,11.3,5.56,1.84,0.18
343.42,237.1,215.98,176.84,138.76,111.72,89.92,71.6,57.18,45.28,33.98,25.96,19.96,10.92,5.5,2.24,0.34
349.74,247.18,228.62,194.5,159.62,133.0,108.12,89.06,72.24,58.32,47.16,37.72,29.5,17.9,9.7,3.92,0.4
387.4,222.48,206.6,176.24,144.68,121.9,102.7,85.7,71.86,59.02,47.94,38.98,31.32,19.62,11.64,5.28,1.3
361.64,217.82,197.62,172.5,141.52,118.74,99.84,82.14,68.9,56.68,46.9,38.7,31.48,20.06,11.84,4.8,0.98
388.9,343.38,325.34,297.34,262.28,229.36,202.76,175.96,152.38,133.06,115.34,99.2,84.1,59.84,41.7,27.14,18.48
218.68,165.82,152.32,130.18,104.08,84.2,67.66,53.06,41.1,31.42,22.9,16.36,10.92,3.88,0.5,0.0,0.0
1104.8,945.74,901.78,819.46,727.04,642.22,580.76,515.78,459.74,408.52,362.3,316.86,279.34,206.88,145.84,97.56,53.82
587.34,250.64,213.42,159.62,122.54,95.76,74.08,58.12,43.78,33.28,24.66,17.34,11.8,4.88,1.54,0.16,0.0
645.56,526.48,500.5,454.32,399.54,351.94,310.18,271.34,234.12,202.36,174.24,149.1,124.9,83.9,52.54,27.52,12.56
262.26,192.16,177.62,149.9,119.3,94.96,75.72,60.52,47.52,37.46,29.74,23.06,17.18,9.24,4.5,1.54,0.08
1567.8,1372.5,1320.66,1231.94,1136.02,1049.36,977.84,909.66,844.08,776.18,719.2,658.62,600.6,496.0,390.46,318.52,274.52
285.16,166.38,150.74,126.62,101.08,81.34,66.0,53.36,42.76,34.66,27.28,21.48,16.74,9.68,5.12,2.42,0.74
771.5,602.68,569.48,524.46,473.44,427.2,391.2,356.82,323.62,288.9,260.78,232.86,206.02,161.46,119.7,89.22,71.4
2289.5,1898.64,1821.8,1685.46,1544.28,1434.14,1324.3,1228.26,1136.02,1050.4,963.94,890.96,814.98,673.36,537.88,446.1,360.24
297.44,234.88,222.06,191.94,158.5,130.74,108.12,89.08,71.14,54.86,41.72,31.32,21.94,8.82,1.98,0.0,0.0
267.16,187.94,173.62,145.5,115.52,93.38,75.54,59.12,45.8,35.2,26.26,19.82,13.8,5.74,1.62,0.1,0.0
440.08,188.1,158.56,117.38,83.06,59.56,42.06,29.58,20.32,12.44,6.78,2.82,0.62,0.0,0.0,0.0,0.0
184.8,99.38,86.34,64.14,44.6,31.24,21.36,13.6,7.6,3.76,1.06,0.0,0.0,0.0,0.0,0.0,0.0
4552.9,3898.36,3761.06,3565.88,3328.2,3105.08,2949.32,2766.9,2607.44,2466.22,2316.28,2197.92,2056.24,1789.76,1569.52,1314.38,1099.94
1288.94,440.5,355.42,248.94,175.36,135.02,107.42,86.18,68.48,55.14,43.68,34.04,25.9,13.68,5.58,1.56,0.06
563.7,413.84,393.96,345.48,290.56,245.88,202.58,168.68,137.82,112.48,91.54,72.76,57.36,32.44,16.14,5.48,0.52
256.88,161.26,139.96,110.14,78.36,56.46,38.84,25.74,15.36,7.78,3.22,0.6,0.0,0.0,0.0,0.0,0.0
341.64,178.36,151.8,112.2,76.8,55.38,38.68,26.5,16.62,9.74,5.04,1.88,0.26,0.0,0.0,0.0,0.0
323.4,223.92,204.1,172.4,138.5,110.88,90.54,73.82,57.96,46.76,36.02,27.88,20.82,11.44,5.28,1.96,0.32
258.24,219.28,207.22,183.14,154.3,131.76,111.38,93.38,77.44,63.4,51.64,40.48,31.0,16.54,6.56,1.9,0.3
968.5,247.98,197.08,133.36,86.86,59.06,41.28,28.72,18.86,11.5,6.24,3.06,0.94,0.0,0.0,0.0,0.0
344.28,204.16,186.84,152.84,118.94,95.96,77.68,63.02,49.24,37.86,28.62,21.02,15.1,6.98,2.2,0.24,0.0
291.06,198.9,178.7,144.02,112.36,87.88,70.64,56.06,44.78,34.66,25.6,18.1,12.54,5.22,1.6,0.06,0.0
962.8,799.32,764.48,717.16,660.36,610.2,565.18,521.44,479.44,440.88,401.68,368.02,334.96,270.14,215.38,166.42,132.44
234.02,183.02,167.68,142.88,115.68,94.74,77.4,62.9,49.54,39.2,31.08,24.16,18.14,9.86,4.84,1.86,0.24
669.24,560.04,537.88,489.4,433.32,392.78,356.1,318.32,283.7,253.86,226.24,201.14,174.88,133.18,97.8,70.84,54.06
212.58,150.58,138.04,113.78,90.08,67.68,50.56,36.98,26.16,16.84,9.76,4.44,0.94,0.0,0.0,0.0,0.0
307.16,229.8,211.22,179.0,138.7,108.38,82.54,62.76,44.9,30.66,19.46,10.82,5.6,0.0,0.0,0.0,0.0
693.8,561.96,536.82,491.34,425.78,369.74,324.48,280.44,244.4,212.24,183.16,158.5,135.46,96.5,67.14,44.56,24.78
760.54,643.18,617.98,567.98,508.7,458.38,408.14,363.34,322.8,285.44,250.46,218.46,189.02,140.64,102.56,71.24,52.3
659.98,551.08,526.04,481.56,429.76,384.82,344.56,306.62,272.6,240.9,210.88,184.56,158.86,117.34,81.02,55.48,34.1
1829.36,1539.04,1484.08,1380.52,1267.88,1173.42,1093.36,1017.66,942.54,879.42,813.66,746.28,692.8,573.56,470.96,389.92,304.34
653.1,529.78,507.72,462.22,412.32,367.12,327.54,290.54,258.66,228.46,201.46,177.96,156.62,116.92,85.86,60.72,37.46
303.12,215.4,197.58,158.76,119.08,90.8,67.74,48.82,33.42,21.68,13.22,6.94,2.6,0.0,0.0,0.0,0.0
506.54,395.4,375.72,337.56,297.26,262.26,230.44,202.32,175.14,151.32,130.1,110.22,95.24,66.7,45.9,30.2,19.56
2599.22,2154.4,2076.76,1963.38,1868.9,1784.76,1705.18,1626.56,1547.52,1476.66,1401.06,1326.08,1243.96,1081.64,918.78,803.8,712.36
295.76,221.52,201.82,166.76,132.16,106.1,86.2,69.52,55.28,44.54,33.8,25.34,18.86,10.08,4.18,0.76,0.0
153.34,109.9,99.5,84.48,69.08,56.94,47.74,39.0,31.54,25.02,19.74,15.48,11.9,6.74,3.6,1.44,0.22
1645.86,1374.28,1316.58,1230.62,1135.94,1049.36,975.54,907.3,835.14,771.02,709.46,648.72,591.44,487.66,387.78,314.08,275.4
1555.86,1354.6,1303.28,1210.06,1103.34,1022.66,950.28,880.74,818.46,753.6,702.54,650.5,598.26,498.14,406.04,331.5,260.8
551.74,263.6,231.36,180.3,133.32,105.92,84.62,66.68,51.46,40.28,31.04,23.1,16.46,7.06,1.76,0.0,0.0
405.64,351.6,338.66,312.68,280.9,252.28,226.54,203.56,182.92,162.88,143.36,126.06,110.66,84.1,62.24,44.24,32.78
230.38,146.36,130.02,106.68,82.72,63.66,49.18,36.28,27.12,20.32,14.22,8.9,5.28,1.12,0.0,0.0,0.0
217.66,139.64,124.14,97.7,73.76,54.84,39.72,28.14,17.74,9.96,4.54,1.32,0.0,0.0,0.0,0.0,0.0
250.56,135.92,117.82,91.1,66.7,49.36,35.54,25.34,17.72,11.88,7.48,4.44,2.08,0.0,0.0,0.0,0.0
358.1,283.18,269.3,242.88,214.02,187.76,163.34,141.44,121.14,103.9,88.42,74.6,62.0,40.48,25.36,14.16,7.7
330.52,239.92,223.92,190.46,158.48,132.2,110.58,91.46,74.42,61.02,49.96,40.06,32.64,20.28,11.8,6.32,2.7
507.44,224.14,180.24,127.62,86.5,62.98,44.74,30.1,18.8,11.0,5.32,1.68,0.02,0.0,0.0,0.0,0.0
548.68,473.64,449.72,400.94,339.74,286.64,246.3,212.06,179.22,148.34,122.2,101.32,84.12,54.26,34.14,20.28,8.52
296.26,215.32,195.94,167.3,132.66,105.72,82.94,66.16,50.88,37.54,26.46,17.86,11.46,2.34,0.0,0.0,0.0
1019.92,872.32,831.64,763.0,686.98,619.76,565.06,515.76,467.52,421.3,378.9,339.22,303.4,241.02,183.52,136.96,98.72
126.86,85.66,78.12,63.16,48.3,37.46,30.0,23.96,19.4,15.78,12.48,9.74,7.56,5.04,3.32,1.86,0.36
507.28,442.26,424.32,388.26,344.16,307.08,272.44,238.98,208.52,184.08,159.9,138.58,119.86,85.34,58.88,39.12,25.16
598.76,515.08,493.8,453.94,400.88,356.42,313.02,272.62,236.94,205.52,177.24,152.02,129.6,86.06,54.18,28.3,15.82
3480.44,3082.66,3006.14,2874.02,2723.2,2620.28,2536.06,2446.98,2358.96,2269.46,2193.14,2097.9,1987.78,1778.12,1577.56,1403.58,1274.52
366.34,174.46,142.58,106.66,70.66,50.94,34.9,24.32,15.9,9.62,5.64,2.66,0.86,0.0,0.0,0.0,0.0
300.92,219.66,198.16,165.12,131.18,107.28,86.22,70.18,55.64,44.22,34.16,26.56,20.16,11.0,5.3,2.1,0.26
2278.64,1853.68,1797.6,1674.04,1546.22,1437.4,1342.62,1247.6,1160.88,1081.36,1002.82,931.6,864.28,727.92,608.96,501.78,395.54
920.14,760.58,726.46,661.8,579.52,505.64,441.3,387.46,335.08,288.86,246.02,205.94,170.14,112.48,66.06,31.24,6.72
310.68,184.82,167.46,138.24,107.16,84.06,65.78,51.5,39.62,29.66,22.06,15.06,10.16,3.64,0.54,0.0,0.0
270.32,226.5,213.92,189.56,160.28,135.64,115.7,98.6,83.26,69.68,57.54,47.16,37.66,23.3,12.74,5.98,1.98
211.8,125.3,109.88,83.98,58.58,41.26,29.08,19.06,12.26,7.04,3.58,1.18,0.0,0.0,0.0,0.0,0.0
235.82,135.86,118.44,91.98,69.08,53.1,39.64,28.96,20.98,14.48,9.88,5.92,3.4,0.54,0.0,0.0,0.0
754.82,352.92,298.38,228.66,171.36,135.92,106.84,82.02,63.36,46.34,33.66,23.58,16.14,5.98,0.86,0.0,0.0
444.46,271.82,244.92,208.14,167.48,136.64,111.26,89.62,73.56,58.86,46.64,37.62,29.3,17.22,9.26,4.18,1.06
410.46,280.94,256.06,213.62,166.64,134.28,105.78,81.7,64.3,48.6,35.66,24.54,15.8,4.44,0.0,0.0,0.0
424.6,233.98,212.66,175.68,140.56,116.36,97.04,77.9,63.52,51.08,40.8,32.58,25.4,15.64,9.06,4.84,2.4
258.12,224.72,212.42,186.2,155.82,126.9,103.02,82.24,64.94,50.9,39.38,29.26,20.14,8.46,1.8,0.0,0.0
1666.38,1398.1,1348.32,1250.4,1130.04,1031.18,935.72,860.36,788.02,722.6,660.02,599.2,540.84,431.86,334.54,256.66,191.88
313.38,213.44,191.6,152.66,113.54,81.8,59.0,38.7,24.8,14.1,6.0,1.66,0.0,0.0,0.0,0.0,0.0
1324.82,1098.54,1032.52,939.18,839.42,754.88,675.44,613.52,551.96,494.84,440.82,391.74,344.94,260.08,189.44,139.54,90.58
368.5,288.96,270.08,240.3,205.14,175.26,149.64,127.14,107.78,90.72,76.82,64.1,52.7,34.84,22.66,13.34,6.12
3665.5,3202.02,3124.06,2991.84,2855.76,2760.34,2667.64,2569.84,2473.66,2360.92,2273.12,2163.94,2055.98,1854.46,1643.14,1500.16,1381.86
610.72,500.0,469.82,418.36,362.84,312.58,269.3,230.52,196.14,169.42,145.34,123.42,103.56,71.04,47.94,28.72,14.48
248.4,156.94,141.54,114.4,86.28,66.98,51.5,38.58,28.76,21.8,15.98,11.28,7.66,3.1,0.8,0.0,0.0
201.0,162.94,149.52,126.32,97.46,76.9,61.44,47.84,36.5,27.46,20.14,14.56,10.32,4.74,1.82,0.26,0.0
267.58,200.44,183.84,157.0,131.58,111.16,92.64,76.94,64.4,52.92,43.56,35.08,27.86,16.8,9.26,3.84,0.62
334.08,156.68,133.58,101.86,71.38,49.72,32.2,19.88,11.02,4.72,1.18,0.0,0.0,0.0,0.0,0.0,0.0
1124.68,915.66,875.64,803.3,731.84,675.1,620.0,568.48,521.04,478.66,436.36,396.08,357.22,290.0,222.12,172.06,149.46
241.42,182.78,170.9,150.34,126.38,107.88,91.18,78.34,66.06,55.78,46.56,38.72,31.78,21.58,13.52,8.3,4.78
315.34,205.56,177.64,141.48,107.02,81.32,62.78,47.34,34.96,25.0,16.16,9.7,5.04,0.38,0.0,0.0,0.0
265.12,165.12,147.7,123.38,98.08,78.3,62.9,50.46,38.62,30.32,22.88,16.88,12.42,6.22,3.04,1.02,0.08
247.68,163.88,149.54,124.7,96.34,75.48,58.32,45.58,34.86,25.9,19.02,13.94,9.84,4.38,1.28,0.16,0.0
521.66,400.74,374.28,323.08,272.84,233.14,197.14,169.36,144.66,123.3,104.68,87.8,73.6,50.76,32.54,18.54,8.36
1117.46,923.74,883.38,809.1,725.52,669.4,610.34,555.6,506.64,464.9,421.56,381.32,341.86,269.64,210.28,162.7,124.08
924.64,761.18,727.82,676.08,608.72,554.98,505.26,457.46,412.58,368.3,325.72,289.3,257.92,200.26,149.42,107.46,82.58
1042.38,905.56,874.36,819.88,756.06,700.52,646.16,596.24,552.56,508.18,463.2,420.74,383.96,313.32,252.78,187.34,165.82
804.52,646.36,611.96,547.52,481.62,424.9,376.04,328.06,289.14,253.1,220.08,191.46,165.6,116.88,78.82,52.12,31.68
452.76,332.94,311.5,273.92,237.14,207.8,180.34,157.52,136.48,118.32,101.36,87.16,74.28,52.44,36.44,23.46,13.34
414.24,308.1,287.24,253.14,215.72,188.46,163.3,140.1,119.78,101.16,86.92,73.5,61.82,41.32,26.8,16.5,9.14
1265.84,1098.42,1060.48,993.08,916.96,844.54,781.22,717.16,658.96,603.38,545.96,493.46,440.78,352.04,270.34,196.46,162.2
379.74,235.3,209.84,169.74,131.4,106.56,88.2,72.0,58.78,48.92,39.18,31.06,24.56,14.7,7.74,2.84,0.38
508.52,418.78,395.34,357.12,313.26,275.94,244.1,215.22,186.82,163.92,142.26,122.7,105.96,75.22,51.48,35.5,21.46
387.48,208.1,179.46,130.92,87.94,61.66,42.62,28.8,17.72,10.66,5.1,2.1,0.34,0.0,0.0,0.0,0.0
244.1,141.66,128.04,104.68,82.86,65.5,51.74,40.78,31.1,23.64,18.04,13.24,9.68,4.68,1.98,0.42,0.0
2224.92,1874.62,1800.2,1683.66,1555.4,1440.6,1336.06,1240.34,1155.34,1076.92,995.66,920.14,849.24,723.76,598.38,495.08,395.1
756.68,621.64,590.84,546.26,487.26,437.5,389.1,342.16,305.88,270.18,238.18,208.5,181.94,134.26,95.54,65.52,43.76
2317.16,1923.98,1846.36,1712.04,1589.74,1495.32,1396.82,1315.58,1231.88,1153.14,1082.06,1007.1,933.74,794.08,663.14,568.04,501.24
287.6,207.28,190.32,160.62,129.96,106.68,88.14,72.26,58.02,46.84,36.74,28.96,22.28,13.0,7.36,3.54,1.14
269.14,162.54,138.96,107.72,79.88,62.12,46.46,35.1,26.06,18.88,13.3,9.0,5.94,2.06,0.42,0.0,0.0
1089.16,917.1,875.82,806.66,731.48,661.32,600.98,546.3,495.5,452.54,409.68,366.48,327.18,254.34,195.36,147.5,103.22
306.1,231.28,216.76,189.18,159.4,135.28,115.24,98.26,82.14,69.4,58.46,48.52,39.42,25.6,15.9,8.98,3.36
271.74,184.62,163.74,132.68,104.02,83.88,67.0,53.18,42.28,32.08,24.08,18.06,13.08,5.68,1.64,0.0,0.0
379.9,282.0,259.94,215.7,175.3,140.94,112.68,88.6,68.4,52.42,39.9,28.82,20.4,9.3,3.14,0.4,0.0
442.78,378.26,362.26,327.24,283.02,247.6,214.24,182.42,155.54,131.52,111.32,91.06,75.36,48.02,28.68,15.62,5.62
235.96,141.98,123.44,96.76,75.4,60.0,46.28,36.0,27.64,20.94,16.0,11.78,8.5,3.98,1.52,0.34,0.0
1388.62,1186.06,1137.96,1047.44,953.74,870.08,791.84,728.02,664.78,611.5,560.86,507.62,464.12,376.1,296.38,237.38,195.88
244.56,135.5,117.0,88.58,61.62,43.68,29.6,18.98,12.18,6.98,3.42,1.38,0.2,0.0,0.0,0.0,0.0
279.7,189.38,170.1,145.9,118.34,95.96,78.12,63.6,52.24,41.96,33.5,26.44,20.58,12.26,6.88,3.32,1.34
390.1,305.86,286.46,245.64,202.88,165.36,134.78,109.34,84.96,65.5,48.54,33.44,22.78,7.38,0.7,0.0,0.0
352.7,220.26,196.44,155.62,125.26,99.96,77.78,59.12,46.82,36.12,26.56,19.34,13.58,5.94,2.62,1.32,0.4
390.6,144.04,112.48,74.68,46.38,30.02,19.52,11.8,6.4,2.66,0.54,0.0,0.0,0.0,0.0,0.0,0.0
1260.12,925.4,880.52,810.54,741.5,689.7,641.88,594.24,544.32,501.54,462.28,422.2,385.2,315.02,245.14,191.4,162.6
1055.06,908.58,871.44,806.84,732.26,666.24,607.3,554.92,502.1,453.34,408.6,367.72,328.96,258.32,195.0,144.96,98.78
295.76,159.58,136.06,107.84,81.06,63.18,49.4,39.08,30.46,23.06,17.2,12.54,9.02,4.48,1.88,0.56,0.08
287.46,127.9,113.06,88.66,62.74,46.12,34.28,24.68,17.64,11.76,7.32,4.42,2.3,0.1,0.0,0.0,0.0
236.12,191.64,171.9,132.2,94.86,76.76,62.68,52.92,44.94,38.28,32.76,28.46,24.14,17.48,12.94,9.86,7.12
531.48,414.04,386.12,334.72,284.0,245.18,212.34,183.22,158.66,136.38,115.78,98.5,84.3,59.02,39.78,25.14,15.84
197.9,159.9,149.0,128.9,106.18,88.12,71.74,58.78,47.66,38.26,29.76,23.08,17.28,8.74,3.4,0.48,0.0
1891.96,1625.46,1558.42,1427.26,1292.66,1183.58,1068.9,975.8,892.66,815.62,736.56,663.94,595.18,472.36,364.9,271.36,186.26
682.52,551.92,522.98,474.74,418.26,370.3,328.04,291.42,257.44,224.04,196.72,172.32,149.84,112.4,81.8,56.94,35.64
201.86,139.3,122.78,98.4,72.64,51.22,36.7,25.7,17.08,10.24,5.36,2.34,0.58,0.0,0.0,0.0,0.0
796.0,668.66,639.82,593.26,539.14,496.9,457.24,419.2,380.86,347.0,315.04,284.34,256.2,201.2,151.76,113.72,92.54
226.24,169.6,156.38,131.68,101.52,77.68,60.16,46.26,35.32,26.56,20.06,14.76,11.02,5.64,2.72,1.06,0.18
4835.84,4406.5,4255.08,4031.44,3838.96,3705.2,3559.08,3432.5,3305.82,3190.96,3068.18,2949.9,2818.22,2559.3,2280.88,2076.56,1896.6
632.72,210.84,177.26,134.88,100.06,78.88,62.54,49.86,39.8,30.86,23.68,18.04,13.26,6.66,2.74,0.62,0.0
447.4,367.7,349.48,311.24,267.68,231.84,199.5,168.4,142.58,117.06,96.4,76.52,59.92,33.98,14.96,4.1,0.8
789.5,663.32,629.18,580.04,521.58,471.4,425.8,383.72,345.84,311.36,279.44,249.12,222.64,170.36,124.92,92.84,75.38
592.58,504.98,482.86,436.38,385.12,342.3,305.86,272.86,244.68,217.42,192.58,171.4,151.24,115.46,83.62,63.84,44.12
308.76,222.72,210.34,185.22,159.04,136.96,117.74,100.08,83.78,70.04,57.92,48.08,39.62,25.02,15.42,8.88,4.8
295.9,173.14,153.3,127.16,94.16,73.52,57.02,43.76,31.62,22.3,14.64,8.54,4.58,0.14,0.0,0.0,0.0
392.02,158.0,131.04,94.08,64.9,47.9,34.66,24.84,18.0,12.54,8.7,5.88,3.82,1.16,0.16,0.0,0.0
413.08,108.22,84.92,63.36,47.64,36.62,29.7,23.42,18.16,14.92,11.78,8.34,3.36,0.0,0.0,0.0,0.0
613.66,474.66,440.7,386.6,323.64,267.82,225.84,192.0,160.62,134.62,112.84,92.88,75.68,48.92,30.36,16.74,6.62
1001.62,887.36,855.5,794.4,721.86,647.72,585.12,529.74,480.14,435.96,391.38,354.46,315.18,243.26,184.96,135.42,96.7
232.94,155.86,139.88,114.76,88.74,67.4,50.28,36.4,26.22,18.58,12.42,7.48,3.68,0.0,0.0,0.0,0.0
683.52,551.32,526.98,479.46,429.5,384.22,346.72,310.74,279.3,249.36,220.9,194.72,171.36,128.8,92.76,67.22,51.18
227.44,141.94,126.86,100.54,75.32,57.06,42.94,31.2,22.88,16.4,11.16,7.18,4.3,1.32,0.18,0.0,0.0
1048.26,883.6,854.1,801.88,740.6,682.68,629.64,580.92,531.8,487.26,443.8,397.9,358.3,283.02,216.66,148.84,125.48
376.0,235.08,191.86,148.72,119.2,97.74,79.82,65.82,54.5,43.96,34.16,26.08,19.46,7.8,0.0,0.0,0.0
197.54,132.36,116.78,94.24,69.4,52.94,39.74,29.1,21.34,15.28,10.56,7.0,4.56,1.62,0.26,0.0,0.0
235.78,158.36,145.2,119.46,97.3,80.4,66.18,53.68,44.02,35.24,28.42,22.64,17.94,10.68,5.86,2.58,0.7
335.36,281.68,268.92,245.44,212.52,188.58,165.38,145.74,127.28,110.74,94.88,81.64,69.18,48.42,32.94,21.94,14.3
322.66,229.96,211.38,178.48,138.62,106.9,81.52,63.4,46.5,33.26,21.8,13.42,7.22,0.0,0.0,0.0,0.0
232.16,195.32,184.76,162.3,137.06,113.64,94.6,78.68,63.88,51.8,40.68,31.76,23.6,11.64,4.34,0.44,0.0
226.64,141.86,119.6,88.36,63.5,47.2,35.26,25.42,17.92,11.66,7.4,4.32,2.3,0.08,0.0,0.0,0.0
2311.0,549.76,437.9,296.64,197.86,137.88,100.4,74.04,51.2,35.2,21.96,12.3,5.98,0.4,0.0,0.0,0.0
274.62,177.52,158.94,130.16,104.08,86.18,71.42,58.9,48.0,38.92,31.6,25.24,19.94,12.16,6.74,3.0,0.64
641.0,561.0,537.22,497.62,450.82,411.56,377.9,344.66,316.9,289.56,262.44,235.98,212.54,166.22,127.58,95.98,73.4
315.62,212.34,193.72,167.14,135.82,113.72,93.82,77.5,62.9,50.64,40.26,32.4,25.22,14.8,7.86,3.86,1.44
686.04,587.92,561.38,509.26,448.26,394.76,345.82,301.52,263.56,227.42,197.82,169.28,144.04,100.72,68.5,43.44,22.58
254.12,158.42,142.94,119.38,95.7,78.16,64.08,52.62,42.62,35.34,28.5,22.72,17.58,10.6,5.56,2.32,0.52
1090.94,890.82,863.1,803.74,733.98,672.74,618.1,562.38,511.32,460.96,413.12,371.48,327.96,252.6,190.3,135.0,106.76
524.3,411.14,390.34,350.46,301.58,258.9,216.7,183.48,152.92,123.08,99.98,78.8,60.46,33.54,14.54,2.28,0.0
1071.48,872.4,837.94,771.48,696.46,632.5,581.82,531.86,484.26,438.66,402.56,365.52,330.16,264.6,208.12,170.02,132.62
410.9,234.42,212.68,179.28,142.06,115.66,94.46,76.58,60.04,47.32,37.84,28.94,22.12,12.54,6.32,2.56,0.36
2221.16,722.96,572.14,364.52,232.34,168.36,121.92,88.34,63.94,44.9,31.24,19.16,10.14,0.2,0.0,0.0,0.0
1731.64,460.96,355.72,249.22,169.26,125.9,97.26,75.82,58.98,45.58,34.44,26.42,19.6,10.66,5.06,1.8,0.16
331.86,192.6,171.38,136.04,101.74,78.46,60.46,46.14,34.06,23.56,16.08,10.3,5.94,0.92,0.0,0.0,0.0
327.0,259.9,244.68,218.24,187.7,165.48,144.08,124.06,104.48,86.78,72.12,57.2,45.98,26.82,14.18,6.8,0.86
483.36,258.94,236.0,195.72,157.38,126.02,102.92,83.32,66.22,51.58,39.68,28.36,19.16,6.2,0.08,0.0,0.0
566.14,336.3,307.7,267.84,229.48,199.46,173.9,153.22,133.28,114.9,98.8,84.26,72.8,53.42,38.1,25.42,14.98
1376.2,1101.86,1046.2,961.68,865.72,788.76,722.42,658.68,596.18,544.3,495.5,446.04,397.98,316.9,244.98,189.16,142.9
1542.6,1110.16,1058.62,968.88,878.74,811.36,758.54,699.62,651.46,604.56,558.18,515.76,472.64,388.96,320.1,273.28,226.48
543.28,421.92,396.42,346.64,293.24,253.6,216.66,182.52,152.08,127.72,106.02,88.92,73.74,49.22,30.82,17.82,7.88
777.02,547.88,501.38,444.4,382.22,336.82,296.44,263.46,235.98,208.6,184.14,159.48,138.02,102.0,72.56,49.8,28.08
332.4,254.66,237.52,208.02,171.06,142.9,119.7,99.34,82.5,68.32,54.92,44.18,35.56,21.8,12.6,6.5,2.06
558.02,279.7,237.56,182.0,133.72,99.32,75.58,56.46,42.52,30.76,22.18,15.28,9.9,3.54,0.78,0.0,0.0
2061.72,1799.0,1731.44,1613.88,1492.18,1374.5,1284.04,1198.82,1123.64,1048.64,978.98,908.66,833.72,704.84,597.04,491.02,394.76
794.44,668.86,630.62,569.56,501.44,441.74,388.64,338.38,295.16,257.3,222.74,189.1,161.58,114.56,76.8,49.18,25.98
231.76,129.12,110.24,82.4,58.7,41.64,28.02,17.92,9.66,4.68,1.62,0.06,0.0,0.0,0.0,0.0,0.0
200.7,139.76,126.7,105.02,80.9,62.36,46.22,33.64,23.76,15.82,9.84,5.84,2.68,0.0,0.0,0.0,0.0
464.0,388.72,371.76,334.28,285.06,242.6,205.18,172.22,145.02,120.68,99.64,81.8,66.36,42.26,24.76,12.76,4.32
502.42,256.8,215.12,160.52,117.04,86.44,60.96,42.52,29.02,19.14,11.14,6.0,2.62,0.02,0.0,0.0,0.0
300.36,203.14,179.24,145.32,110.4,86.18,67.4,51.84,38.72,28.48,20.7,14.66,9.92,3.74,0.82,0.0,0.0
863.92,719.64,677.8,606.92,535.2,470.72,416.56,368.74,324.32,283.86,244.92,210.6,179.42,124.64,77.9,41.96,13.04
222.72,117.14,103.02,78.56,53.02,36.1,23.38,14.68,8.62,4.5,1.82,0.4,0.0,0.0,0.0,0.0,0.0
315.0,212.88,196.0,171.5,144.72,123.62,104.46,88.82,76.46,63.16,52.4,43.1,35.2,22.62,13.9,8.02,3.36
314.5,250.48,234.88,195.8,146.74,118.76,100.38,86.18,74.94,66.0,57.48,50.06,43.6,33.14,24.9,18.86,13.76
348.46,208.88,188.76,155.28,124.74,101.32,81.64,67.08,53.46,42.2,33.1,25.62,18.88,9.08,2.52,0.0,0.0
607.62,498.0,467.86,428.62,381.58,341.34,308.1,275.02,244.7,217.4,189.18,164.16,140.56,102.42,70.46,45.92,31.24
434.26,372.98,351.82,312.94,265.26,223.48,188.74,160.26,134.34,112.84,92.74,77.44,62.2,40.74,24.96,14.52,6.52
280.56,197.18,179.28,145.64,110.2,84.76,65.04,49.0,38.2,28.44,20.78,14.92,10.7,4.64,1.92,0.56,0.0
402.56,293.06,267.0,228.54,189.74,161.96,137.12,116.04,96.78,80.92,67.22,56.88,46.92,30.86,19.02,10.74,4.8
444.22,229.72,198.3,162.8,124.86,101.3,80.14,63.14,47.78,36.96,27.56,19.82,13.7,5.9,1.86,0.28,0.0
385.04,290.24,263.02,209.38,132.72,103.78,87.16,74.68,65.02,56.86,49.02,42.58,36.6,26.92,18.16,13.2,9.4
1070.26,857.38,812.34,739.1,654.0,586.56,529.14,476.68,429.06,387.04,345.38,308.6,274.8,209.4,157.06,113.5,72.08
187.6,118.02,106.54,85.34,62.22,47.08,34.62,24.84,16.78,11.16,7.32,4.3,2.34,0.18,0.0,0.0,0.0
182.72,126.1,115.6,95.7,73.22,56.76,43.9,33.62,25.2,18.22,12.9,9.32,6.54,3.04,1.16,0.32,0.0
576.94,358.24,312.92,252.66,200.0,161.88,131.84,109.14,87.38,69.58,55.58,43.88,34.48,18.74,8.72,2.86,0.28
875.32,747.22,724.84,682.02,626.72,573.94,527.34,481.52,439.0,399.66,360.88,326.8,291.46,230.36,179.6,126.52,104.8
273.3,158.14,138.16,108.12,79.0,58.68,43.7,31.52,22.4,15.1,9.52,5.7,3.2,0.68,0.0,0.0,0.0
345.72,207.62,183.32,145.04,106.6,82.86,62.94,46.14,32.28,20.56,11.86,6.08,1.88,0.0,0.0,0.0,0.0
424.14,257.58,234.96,196.34,157.56,127.66,102.62,81.76,63.5,48.46,36.28,27.6,20.56,9.9,3.96,1.1,0.08
621.4,516.44,495.14,446.0,391.38,345.04,306.48,268.92,235.48,209.8,183.48,160.38,138.42,101.72,69.8,47.3,30.04
1851.24,1488.12,1432.44,1337.62,1227.48,1150.22,1081.96,1008.8,940.62,875.86,812.12,748.42,690.14,571.2,452.06,377.8,339.78
630.1,206.76,176.86,134.2,98.9,74.7,59.16,46.28,35.16,27.1,19.94,14.26,8.94,3.06,0.04,0.0,0.0
795.54,272.24,230.9,162.34,114.86,84.22,63.02,45.52,31.56,20.7,12.92,7.68,3.74,0.0,0.0,0.0,0.0
842.38,700.22,673.58,630.72,574.82,526.8,482.66,438.7,397.56,357.6,317.02,280.1,246.52,183.48,134.42,87.78,69.12
1049.36,393.04,320.06,241.26,178.48,136.48,105.84,84.92,66.54,52.24,40.72,30.88,22.26,10.96,4.14,0.9,0.0
904.1,769.1,732.38,668.28,590.12,524.96,467.52,416.5,369.2,324.82,285.38,251.52,220.0,162.56,116.96,84.62,55.14
505.92,294.98,264.8,212.48,164.76,131.38,106.46,84.22,67.38,52.08,40.18,31.26,22.82,10.44,3.68,0.32,0.0
227.56,181.1,168.94,146.58,119.02,98.48,80.82,65.24,53.06,41.3,31.7,24.14,17.82,8.52,2.86,0.0,0.0
216.98,137.5,122.9,98.18,71.5,54.06,39.18,27.68,19.94,13.78,8.88,4.76,2.16,0.06,0.0,0.0,0.0
2092.46,1728.04,1649.78,1487.46,1332.64,1226.64,1147.04,1079.06,1015.7,958.92,892.74,832.92,780.1,670.18,568.02,463.94,391.18
464.78,363.04,341.86,303.8,259.28,222.1,190.04,161.66,136.48,113.74,90.66,73.5,56.38,30.16,10.38,0.0,0.0
248.24,161.0,144.72,116.9,86.9,66.62,49.74,36.48,26.0,18.16,12.5,8.08,5.1,1.7,0.26,0.0,0.0
605.82,524.38,503.94,462.4,419.5,376.7,339.34,307.26,272.52,242.46,215.08,188.82,165.54,124.36,90.9,62.66,47.1
1092.54,906.72,857.62,776.86,686.42,615.46,554.5,495.06,439.88,392.46,350.06,308.12,271.78,201.58,145.28,106.22,70.48
244.3,168.38,145.46,115.74,88.26,70.38,55.7,43.36,33.76,25.46,19.64,14.86,10.68,4.8,1.58,0.1,0.0
399.68,278.34,250.56,202.3,155.38,123.54,97.48,74.74,55.44,39.64,27.62,17.9,10.96,2.0,0.0,0.0,0.0
723.6,601.1,574.94,526.64,470.14,421.92,379.96,342.86,306.52,271.48,243.42,214.66,189.8,146.16,110.2,85.14,61.08
104.8,62.46,54.28,40.58,27.62,19.36,13.96,9.84,6.86,4.7,3.06,1.82,0.9,0.0,0.0,0.0,0.0
238.4,149.46,135.86,115.06,95.14,79.62,65.76,53.86,43.1,35.1,28.12,22.02,17.22,10.06,5.48,2.6,0.96
915.6,769.98,734.98,667.86,598.8,539.86,488.48,441.34,400.38,359.82,323.44,289.1,260.72,206.64,157.44,122.78,93.62
243.54,163.7,146.58,114.2,83.56,62.16,44.18,31.06,20.7,13.36,8.3,4.56,2.38,0.22,0.0,0.0,0.0
4255.0,3999.04,3862.06,3744.1,3570.22,3445.62,3355.26,3224.88,3125.72,3025.04,2903.26,2795.72,2701.06,2465.96,2255.14,2079.56,1922.88
580.3,502.12,476.8,434.48,378.56,326.5,284.76,244.74,208.0,175.68,146.4,122.96,101.32,63.48,36.52,16.06,5.02
355.28,282.02,263.42,231.06,193.66,161.18,133.42,111.8,90.72,70.78,55.82,42.42,30.58,14.3,3.72,0.0,0.0
647.36,519.6,462.84,319.26,177.34,135.44,111.0,92.5,76.06,64.76,53.96,41.54,34.06,24.08,4.5,1.5,0.08
607.8,349.32,318.32,268.54,220.0,181.64,152.02,127.14,106.16,86.28,70.44,57.64,46.2,28.42,15.92,7.46,2.26
323.14,232.24,212.48,181.3,148.98,125.22,104.18,85.72,69.78,55.46,44.32,33.84,25.06,13.56,6.06,2.42,0.82
782.74,659.92,632.8,578.76,506.5,449.94,398.32,350.34,304.28,265.64,229.2,198.98,171.74,125.64,87.64,58.22,35.24
478.44,200.56,167.18,123.26,90.8,71.08,55.16,43.1,33.82,25.74,19.4,14.42,10.54,4.98,1.86,0.38,0.0
719.9,302.92,249.94,185.6,133.26,100.44,74.98,54.32,38.38,26.02,16.56,9.72,5.18,0.74,0.0,0.0,0.0
489.5,284.04,255.64,209.44,167.98,135.96,110.74,89.3,72.52,57.84,44.84,33.96,24.86,12.0,4.54,0.64,0.0
1774.02,1573.92,1522.16,1454.42,1368.96,1302.64,1242.52,1173.52,1110.22,1049.04,988.26,918.92,861.34,745.04,629.12,542.36,490.48
1457.88,1268.5,1207.82,1126.2,1025.84,941.04,860.54,790.32,720.96,660.84,602.02,552.14,501.28,413.18,328.32,255.04,182.78
300.32,98.58,81.06,52.42,32.58,21.34,13.82,8.62,5.22,2.58,0.98,0.2,0.0,0.0,0.0,0.0,0.0
558.16,478.44,456.34,419.94,378.1,340.48,309.72,280.9,255.16,231.46,208.52,186.98,167.4,130.24,100.34,78.36,62.08
650.88,514.1,486.16,438.2,386.38,344.92,309.7,275.3,245.82,218.88,193.5,169.9,147.62,111.74,83.7,61.86,42.96
114.24,76.5,66.82,50.86,34.06,22.54,14.14,8.46,4.26,1.66,0.34,0.0,0.0,0.0,0.0,0.0,0.0
1401.28,517.26,442.5,346.98,279.08,230.5,195.68,166.7,140.94,119.0,99.96,83.64,69.36,47.24,31.38,19.3,10.36
259.7,150.84,130.74,105.26,82.26,64.7,52.42,41.52,33.08,25.84,20.0,15.2,11.4,6.4,3.04,1.08,0.2
525.58,302.56,268.4,219.2,169.04,132.8,106.14,82.6,62.64,48.02,35.98,26.06,18.72,8.52,2.76,0.28,0.0
305.22,235.28,215.56,183.16,151.16,124.86,103.3,84.08,68.12,54.86,43.4,33.8,26.58,15.54,8.3,4.16,1.62
372.42,279.8,258.4,221.44,182.98,153.74,127.08,103.76,85.38,70.1,57.1,45.76,36.14,22.72,13.62,7.56,2.84
656.04,489.12,448.22,382.96,313.1,270.04,233.36,201.6,174.0,149.1,127.66,109.04,91.64,63.36,40.98,27.36,18.18
222.12,147.16,131.98,108.56,84.34,66.22,50.96,39.38,29.62,21.34,15.32,10.68,6.98,2.1,0.0,0.0,0.0
1209.16,1030.64,998.5,940.52,873.42,820.3,771.78,723.5,675.04,624.46,579.16,535.28,493.76,411.76,331.8,269.68,232.36
611.46,518.32,499.62,458.24,403.46,357.4,320.02,282.2,249.94,219.22,191.56,166.7,146.18,109.08,82.76,55.64,45.62
772.0,252.12,208.44,151.64,110.02,82.82,63.96,49.14,37.44,27.6,20.28,14.76,10.56,4.72,1.52,0.28,0.0
1022.6,881.02,843.82,777.22,705.94,642.48,587.6,534.2,481.2,433.92,384.84,345.66,306.04,234.94,174.0,128.1,93.86
117.6,49.64,38.14,25.7,18.28,13.58,10.14,7.88,5.82,4.16,2.76,1.38,0.0,0.0,0.0,0.0,0.0
354.8,246.48,225.48,188.52,146.26,116.1,92.26,73.06,56.02,42.84,33.04,25.42,18.98,9.98,4.72,1.88,0.38
275.1,146.98,128.5,97.22,69.88,50.22,34.88,24.24,15.88,9.8,5.16,2.36,0.4,0.0,0.0,0.0,0.0
893.5,712.28,686.5,638.68,584.2,543.12,501.5,463.4,424.2,388.74,355.7,324.06,293.38,235.98,184.52,142.42,117.84
1417.66,1111.46,1058.34,963.52,859.8,775.88,702.84,640.84,578.78,526.94,473.92,422.02,375.84,295.24,225.3,177.68,133.74
195.64,128.22,113.84,92.52,69.82,52.06,39.06,28.5,20.32,13.26,7.98,3.78,1.18,0.0,0.0,0.0,0.0
315.74,181.18,160.1,123.4,91.04,66.26,48.54,33.48,22.16,14.02,8.26,4.24,1.74,0.0,0.0,0.0,0.0
2834.32,2512.26,2441.08,2282.58,2141.68,2004.48,1889.3,1777.76,1679.08,1575.62,1471.06,1392.02,1308.0,1148.56,972.88,811.26,668.84
612.58,524.48,498.54,461.94,407.92,362.46,322.9,284.84,251.0,220.98,194.26,169.2,145.5,105.22,74.32,49.7,35.0
954.02,807.82,770.76,700.18,625.34,562.74,509.56,465.02,417.74,376.74,334.74,298.7,263.84,205.3,152.2,109.48,79.28
1389.98,1155.78,1117.16,1041.74,960.02,878.9,807.64,739.48,671.96,613.72,552.62,496.2,446.88,355.98,277.94,212.18,177.64
1296.1,1089.76,1054.8,990.92,919.74,852.7,789.4,730.34,672.46,621.42,573.84,524.82,480.52,396.92,312.48,246.7,219.04
1463.84,343.44,251.2,158.68,90.76,52.96,32.04,17.44,8.38,2.96,0.16,0.0,0.0,0.0,0.0,0.0,0.0
344.76,220.4,202.62,171.86,139.36,115.48,95.32,78.2,64.62,52.92,42.78,35.0,28.06,16.92,9.08,4.26,1.3
214.64,141.1,128.64,106.84,83.18,65.18,51.16,39.92,30.58,23.34,17.04,12.14,8.36,3.14,0.78,0.02,0.0
3836.1,3572.98,3490.8,3296.14,3121.52,3014.98,2888.74,2772.48,2661.2,2565.82,2442.88,2327.42,2219.34,2013.6,1759.88,1545.68,1379.48
3653.88,2869.24,2748.86,2573.84,2375.8,2217.46,2073.58,1965.44,1833.68,1701.92,1606.24,1496.32,1396.04,1201.0,1021.28,855.26,694.7
231.48,159.94,142.72,117.24,88.06,67.44,52.98,39.96,30.72,22.7,16.92,12.44,9.24,4.5,1.9,0.56,0.0
227.18,159.44,144.84,119.44,96.44,78.38,64.9,52.26,42.34,33.2,25.72,20.2,15.76,9.02,4.9,2.14,0.56
217.68,155.06,139.5,113.96,84.02,63.72,46.64,34.82,24.2,16.32,10.3,6.16,3.02,0.0,0.0,0.0,0.0
186.84,132.98,120.2,94.5,72.34,55.82,41.92,31.2,23.32,16.68,11.54,7.8,4.88,1.74,0.28,0.0,0.0
802.0,299.82,250.14,186.54,138.08,108.1,85.86,68.88,55.78,43.72,33.7,25.72,19.44,8.86,2.92,0.1,0.0
219.98,155.26,143.64,121.16,97.12,78.24,62.12,50.02,39.92,29.8,23.18,17.94,13.32,7.0,3.26,1.26,0.18
297.46,192.6,175.06,146.42,115.48,92.96,75.02,59.28,47.44,36.84,27.86,20.9,15.38,7.56,3.4,1.16,0.06
354.32,243.92,214.06,151.04,105.66,86.4,71.92,59.52,49.32,40.8,32.94,25.28,19.76,11.1,3.24,0.52,0.0
961.4,464.04,396.56,302.98,231.72,190.72,158.44,133.98,113.44,95.52,80.36,67.62,56.12,36.6,21.5,10.94,3.46
725.12,175.48,136.8,95.34,63.32,45.1,32.98,23.7,17.4,12.52,8.94,6.3,4.42,1.78,0.44,0.04,0.0
5737.46,2028.42,1384.62,764.04,474.34,337.24,258.38,197.4,158.06,124.18,97.38,74.28,57.12,32.88,17.54,8.98,2.78
495.84,389.52,363.14,325.0,275.66,235.16,201.24,170.32,144.68,122.98,102.68,83.86,68.5,42.6,23.6,11.06,1.9
852.46,699.2,671.54,615.9,543.28,489.1,438.12,394.22,356.8,322.12,284.68,251.08,220.84,166.14,123.04,85.06,58.44
574.28,398.12,325.54,201.3,155.78,132.94,116.28,102.4,90.14,78.62,68.94,60.92,54.32,39.42,27.04,23.36,19.92
227.34,118.92,104.0,77.46,53.28,38.02,26.1,16.04,9.46,4.54,1.58,0.14,0.0,0.0,0.0,0.0,0.0
252.56,172.24,155.46,130.38,102.28,79.68,61.08,46.2,33.86,24.0,16.0,10.14,5.56,0.48,0.0,0.0,0.0
311.18,185.04,164.44,131.88,102.1,78.94,61.58,46.56,35.04,25.8,19.04,13.9,9.88,4.46,1.68,0.26,0.0
1473.0,1266.68,1212.56,1113.96,1016.88,929.98,845.3,780.32,722.34,661.88,606.62,552.28,499.6,405.9,324.16,255.62,187.06
407.92,304.08,280.44,238.58,193.1,157.88,125.58,101.64,80.8,64.12,50.24,38.04,28.38,14.96,6.84,1.88,0.0
1040.9,824.14,761.38,659.86,504.72,378.7,294.0,244.44,211.76,182.7,159.46,140.82,121.26,97.34,69.9,36.86,30.28
273.9,227.34,215.22,189.46,158.5,131.3,109.16,88.68,71.78,58.5,46.5,37.0,28.2,16.22,8.68,3.94,1.76
199.28,147.54,136.44,118.14,100.14,84.56,71.16,59.66,49.68,41.02,33.48,27.5,22.54,14.72,8.92,4.6,1.6
501.5,443.08,425.4,392.66,351.3,312.54,276.54,245.4,217.2,190.1,165.12,142.54,123.7,90.06,63.5,41.06,29.24
1142.38,218.94,172.1,122.92,83.14,59.78,44.68,33.02,23.68,16.04,10.16,5.94,2.7,0.04,0.0,0.0,0.0
595.5,459.86,429.72,367.66,307.14,264.9,231.66,202.9,174.74,153.0,133.76,114.5,97.26,70.78,50.56,35.22,22.0
186.64,134.48,124.56,101.78,76.64,58.22,42.76,31.76,22.28,15.14,10.04,5.76,2.82,0.12,0.0,0.0,0.0
298.92,221.94,204.4,176.38,144.84,121.6,98.9,80.54,66.02,52.34,41.06,31.72,23.66,11.94,4.04,0.34,0.0
816.18,705.92,679.0,620.54,552.42,493.48,440.36,395.7,349.66,311.76,276.14,245.4,215.32,160.4,118.56,84.1,51.08
427.96,276.52,254.22,215.22,175.56,139.82,114.68,92.14,74.24,58.76,47.14,36.34,27.98,15.6,7.22,2.2,0.0
350.18,250.36,230.44,195.82,164.78,140.32,121.34,103.86,89.18,76.1,64.56,54.4,45.46,31.16,20.72,13.46,8.14
2711.42,2460.52,2404.42,2273.52,2145.68,2050.56,1970.68,1868.1,1787.54,1705.24,1634.52,1547.92,1460.88,1305.36,1111.6,988.42,915.98
449.78,263.8,236.02,191.66,147.82,115.88,89.26,71.6,54.98,40.02,27.96,19.16,11.8,3.38,0.34,0.0,0.0
346.22,276.76,261.08,233.88,199.74,172.5,148.78,126.66,107.9,91.94,78.64,66.0,54.76,37.48,24.62,16.4,10.62
2314.64,452.48,365.38,243.48,165.18,118.3,87.62,63.72,46.14,32.4,21.98,14.96,8.78,2.86,0.32,0.0,0.0
352.44,299.24,285.82,255.16,219.84,187.7,160.26,136.94,116.7,99.4,84.3,72.02,61.84,43.02,29.8,19.62,10.5