245.62,192.42,184.02,165.12,142.34,122.2,106.08,91.46,78.42,66.74,56.28,46.88,38.5,25.96,16.42,9.76,4.34
188.02,128.78,119.36,102.34,82.68,67.62,54.98,45.36,36.62,29.38,23.66,18.72,14.42,7.7,3.08,0.44,0.0
237.22,197.24,188.4,168.6,146.4,125.62,107.52,92.62,78.5,66.9,56.36,46.96,39.2,26.3,16.92,10.54,5.24
260.32,201.78,189.54,167.28,142.64,122.08,105.34,90.0,76.64,65.12,54.86,45.94,38.16,24.8,15.92,9.04,3.76
264.92,222.72,211.86,193.68,168.14,147.18,127.5,111.38,96.48,83.3,71.78,62.1,52.62,37.08,25.48,16.88,9.2
173.48,129.78,120.32,103.72,85.82,72.16,59.14,48.9,39.08,31.42,24.68,19.1,14.84,8.08,4.06,1.32,0.0
152.32,116.06,107.72,91.16,74.12,61.54,50.72,41.9,34.26,27.92,22.72,18.24,14.1,7.98,4.02,1.5,0.1
255.14,212.7,200.7,181.34,157.72,137.04,120.32,104.72,90.5,76.74,65.82,56.1,47.42,33.24,22.06,13.48,6.78
207.54,171.78,162.64,145.38,124.4,106.9,90.78,75.9,64.32,53.7,44.96,37.4,30.66,19.88,11.96,6.86,2.62
206.4,170.82,162.84,144.54,122.34,103.2,87.4,73.66,61.92,51.9,42.6,34.96,28.64,18.62,11.48,5.9,1.94
165.64,106.66,95.8,81.94,66.28,54.04,43.52,35.16,27.88,22.06,17.52,13.62,10.22,5.86,2.94,1.06,0.08
248.2,198.58,188.2,165.52,139.6,119.1,100.7,85.76,73.54,61.78,51.84,43.3,35.42,23.32,14.6,8.44,3.4
223.64,190.34,179.06,159.22,134.84,115.4,98.64,84.14,72.12,61.52,52.02,43.06,35.82,24.04,15.54,9.42,4.16
262.8,222.72,212.6,189.78,162.4,139.66,120.2,103.0,89.3,75.44,64.34,54.34,45.56,30.5,19.46,11.3,5.04
202.72,158.54,150.38,133.22,113.78,97.96,84.48,72.6,61.34,51.9,42.92,35.56,29.36,19.5,12.44,7.24,3.18
289.56,241.4,228.16,207.58,182.5,160.46,140.94,122.46,106.26,90.96,77.7,66.64,56.36,38.62,25.62,15.8,8.26
153.14,104.58,95.2,79.4,63.52,49.68,38.96,29.76,22.8,17.16,12.98,9.6,6.84,2.88,0.86,0.0,0.0
161.2,132.18,124.02,108.06,90.3,75.38,62.8,51.9,42.82,34.72,28.78,23.56,19.1,11.9,6.86,3.38,1.0
179.96,133.52,122.06,104.46,86.1,71.78,58.94,48.64,39.12,31.38,25.12,20.0,15.24,8.62,4.1,1.24,0.0
177.12,121.08,111.42,96.48,77.98,64.52,53.76,43.98,35.18,27.92,22.26,17.52,13.56,7.46,3.5,1.14,0.02
179.84,124.9,114.78,97.92,80.38,66.92,55.64,45.08,36.62,29.7,23.56,18.06,13.94,7.06,2.72,0.24,0.0
255.42,208.94,197.96,179.34,156.24,134.66,117.06,102.24,87.1,73.62,62.22,53.28,44.64,30.74,20.58,12.7,6.68
281.74,231.48,220.62,198.14,171.68,150.04,130.7,112.16,97.06,83.74,71.64,60.62,50.62,34.64,23.28,14.2,7.24
197.26,165.44,156.86,140.36,119.26,100.42,85.8,72.12,60.52,49.78,40.98,34.4,27.74,17.64,10.42,5.58,1.8
149.64,106.26,97.52,81.5,65.24,53.56,43.66,35.18,27.98,21.64,16.48,12.0,8.64,3.92,1.0,0.0,0.0
161.78,111.24,100.76,83.26,64.98,52.56,41.88,33.36,26.48,20.92,16.24,12.06,8.88,4.1,1.26,0.0,0.0
233.3,204.18,195.32,176.58,153.84,133.42,115.6,99.08,85.74,72.8,62.58,53.12,44.96,31.06,20.76,13.2,7.18
148.26,97.34,89.68,76.56,62.18,50.76,41.08,32.56,25.8,19.98,15.76,11.96,9.0,4.7,2.02,0.44,0.0
227.6,166.7,154.66,133.5,111.2,94.8,78.62,66.52,56.42,47.04,39.2,31.86,26.0,16.34,9.54,4.7,1.42
221.86,175.84,166.36,147.12,124.58,103.62,88.56,74.7,62.98,52.92,43.96,36.08,29.16,17.72,10.1,4.2,0.62
202.68,159.18,149.42,131.44,111.68,94.86,80.7,68.12,57.26,48.7,40.08,32.92,26.68,16.8,9.48,4.26,0.68
293.6,252.56,241.48,220.8,193.2,169.42,147.92,129.82,113.22,98.34,84.46,72.78,62.92,45.24,31.44,21.12,12.44
165.72,132.56,124.42,109.18,88.84,74.3,61.92,50.22,41.22,32.62,26.2,20.64,15.98,9.2,4.8,2.14,0.4
173.12,129.78,119.56,103.24,85.46,70.56,58.16,47.7,38.48,30.38,23.88,18.3,13.9,7.1,2.76,0.26,0.0
197.28,152.96,144.52,129.48,109.6,94.62,80.88,69.22,58.68,49.18,41.68,34.6,28.9,19.3,12.62,7.24,3.7
286.24,228.74,215.82,195.32,170.1,149.74,129.88,111.48,97.26,84.4,72.12,61.08,51.82,36.16,23.92,14.98,7.74
227.88,188.42,179.5,161.46,140.9,124.26,107.2,93.5,80.92,70.12,59.92,51.56,43.48,31.34,21.24,13.98,8.66
213.82,171.92,161.98,144.72,124.94,107.72,92.66,79.66,68.06,57.98,49.56,41.84,35.42,24.58,15.74,9.68,4.66
211.56,168.34,158.16,139.56,118.0,99.26,83.76,70.02,58.3,48.84,40.08,32.5,25.74,16.12,8.86,4.1,0.66
197.46,135.74,125.88,107.74,87.6,71.52,58.5,47.18,37.84,30.22,23.78,18.24,13.68,6.82,2.48,0.18,0.0
189.64,124.14,114.2,95.92,77.78,62.78,50.94,40.92,32.46,25.4,20.06,15.46,11.72,6.66,3.36,1.22,0.14
194.3,130.9,120.2,100.12,79.58,63.22,49.96,39.64,31.22,24.54,18.46,13.98,10.34,5.28,2.08,0.44,0.0
338.3,294.62,281.42,258.7,231.86,205.84,184.16,163.02,144.92,126.52,111.64,97.2,84.02,62.7,45.14,31.42,21.98
180.9,130.0,117.94,100.48,80.9,65.62,51.72,40.4,32.06,24.7,18.46,13.48,9.58,3.76,0.74,0.0,0.0
219.84,189.72,179.16,163.24,141.66,124.18,108.52,94.8,82.68,71.52,61.52,52.6,43.78,31.34,21.2,14.16,8.74
278.28,226.56,215.38,192.56,167.8,147.78,129.72,113.3,98.32,83.26,71.52,60.54,51.42,36.1,24.58,15.98,8.22
215.06,166.28,153.5,134.72,113.86,96.14,80.22,66.78,56.94,47.64,39.56,33.0,26.7,16.82,9.56,3.86,0.38
178.92,122.44,111.38,95.52,77.02,63.62,51.86,41.98,34.22,27.06,21.16,16.1,11.82,5.84,1.8,0.04,0.0
180.08,117.32,107.34,90.24,73.22,59.64,48.62,39.24,31.26,24.68,19.52,14.68,11.3,6.04,2.54,0.58,0.0
165.98,118.48,107.64,89.72,71.22,57.26,45.6,35.9,27.98,21.62,16.5,12.2,8.68,3.92,1.3,0.06,0.0
215.38,181.74,171.0,151.14,128.92,109.56,93.5,79.82,67.62,57.48,47.78,40.46,33.2,21.2,12.38,6.02,1.1
179.22,122.12,112.52,94.58,76.66,61.88,50.0,41.14,32.88,26.16,20.84,16.18,12.42,7.38,3.68,1.38,0.04
151.92,93.54,85.94,71.54,56.64,45.88,37.24,30.02,23.54,18.38,14.46,10.96,7.88,3.64,1.24,0.04,0.0
208.9,174.2,163.84,145.28,121.28,104.68,89.84,76.7,65.42,55.18,45.96,38.06,31.28,20.14,12.44,7.22,3.38
252.0,213.04,202.24,178.94,155.4,133.2,114.86,96.94,81.12,68.78,57.2,47.14,38.7,24.4,14.54,7.32,1.84
150.54,96.08,85.26,69.84,54.16,42.76,34.22,26.68,20.84,16.58,12.9,9.9,7.34,3.7,1.54,0.28,0.0
293.98,251.42,239.44,214.38,185.84,163.68,144.94,126.5,109.4,94.96,81.24,69.42,58.5,41.22,27.12,16.68,9.06
306.9,255.8,243.78,221.74,193.22,169.5,149.28,131.44,114.92,102.08,89.28,76.82,66.38,48.18,33.98,22.94,13.28
135.64,101.5,92.38,77.58,63.34,51.02,41.58,32.82,25.94,20.34,15.68,11.86,8.68,4.36,1.82,0.42,0.0
209.76,158.8,148.42,130.02,110.08,94.74,81.58,69.64,59.24,50.4,42.48,35.54,29.38,19.78,12.9,7.7,3.74
175.4,118.82,109.34,91.72,72.72,58.9,47.66,38.0,30.22,24.1,19.0,14.66,11.44,6.6,3.34,1.32,0.24
176.2,136.28,126.84,109.82,88.6,73.78,61.1,49.52,40.86,32.82,26.3,20.92,16.66,9.8,5.32,2.38,0.56
174.9,137.14,129.84,114.6,96.9,80.86,68.36,58.08,48.82,40.7,33.88,27.86,22.82,14.48,8.82,4.8,2.3
211.04,175.28,165.9,148.76,129.78,113.32,98.46,83.52,72.66,62.56,52.24,44.32,37.36,25.46,17.04,10.56,5.54
203.8,147.72,138.56,119.34,98.98,83.1,69.16,57.22,47.66,39.62,32.66,26.46,21.38,13.34,7.98,4.04,1.02
278.2,230.74,217.34,194.82,167.32,144.86,126.8,110.34,96.7,83.14,70.3,59.18,49.32,34.16,22.2,13.38,6.32
199.98,156.8,146.52,126.52,103.02,85.42,71.38,58.72,47.84,38.4,30.72,24.28,18.46,9.76,3.76,0.38,0.0
162.42,124.8,116.84,100.52,83.2,68.98,57.18,46.38,37.38,29.8,23.78,18.46,14.34,7.74,3.7,1.22,0.0
171.04,132.82,123.1,107.76,90.4,76.1,64.1,52.8,44.1,36.62,30.62,25.0,19.46,12.34,7.48,3.98,1.44
197.38,168.82,157.46,140.98,119.68,102.58,87.46,74.74,63.18,53.62,44.76,37.36,30.14,20.12,13.02,7.68,3.2
144.14,96.86,87.12,72.68,56.86,45.78,36.44,28.42,22.64,17.68,13.54,10.16,7.6,3.82,1.74,0.5,0.02
208.9,169.08,157.74,139.52,117.82,100.28,83.44,68.96,56.74,47.06,38.32,31.02,24.72,14.92,8.06,3.92,1.16
175.08,129.78,122.02,107.76,92.22,78.04,65.34,55.28,46.2,39.14,31.92,26.12,21.14,13.94,8.64,4.84,2.12
377.76,313.1,297.62,268.58,236.24,206.78,181.06,157.2,136.68,117.58,101.22,86.18,71.9,48.58,31.38,18.14,7.62
198.24,125.54,113.38,91.3,70.64,56.64,45.2,35.26,27.56,20.92,15.22,11.14,7.84,2.86,0.52,0.0,0.0
178.86,126.62,117.32,101.24,83.72,68.96,56.54,46.06,37.54,30.18,24.52,19.16,14.64,8.42,4.7,2.16,0.6
155.78,104.06,92.74,77.9,62.62,51.6,42.48,35.38,28.42,22.9,18.28,14.22,11.02,5.94,2.66,0.74,0.0
185.04,157.96,148.8,135.2,117.18,100.94,87.6,76.36,65.88,55.38,47.0,39.14,32.22,21.28,13.06,6.78,3.16
169.66,142.3,133.46,115.7,96.7,81.28,67.58,55.04,45.08,37.26,30.48,24.72,19.68,12.38,7.36,3.96,1.64
171.14,145.54,138.62,123.34,103.86,87.78,74.72,62.8,52.72,43.48,35.64,28.82,22.98,13.78,7.4,2.94,0.22
297.54,245.06,232.72,212.8,188.64,167.9,149.42,132.46,117.52,104.34,92.14,81.3,70.94,53.44,39.88,28.28,20.04
182.96,141.36,133.36,116.18,95.88,80.24,66.08,54.18,44.68,36.7,29.54,23.64,18.64,11.48,6.62,3.22,0.96
165.14,134.94,127.4,112.66,94.6,80.02,67.54,56.04,46.14,38.5,31.9,26.22,21.32,13.52,8.06,4.42,1.64
180.6,147.7,138.14,122.02,103.34,87.7,73.48,61.64,51.56,42.76,34.94,27.92,21.76,12.74,6.38,2.0,0.0
211.82,165.46,156.04,138.98,118.44,102.14,87.8,75.32,64.24,54.12,45.38,37.66,30.88,20.26,12.8,7.0,3.72
199.8,163.0,154.36,139.42,121.12,104.72,89.36,77.12,65.88,56.54,48.06,40.74,34.34,23.72,15.96,10.02,5.3
160.54,115.96,107.36,90.46,72.68,59.0,48.4,38.9,31.2,24.78,19.22,14.08,10.12,4.34,0.86,0.0,0.0
161.98,111.5,101.14,87.22,70.0,57.48,47.28,37.76,30.26,23.94,19.06,14.82,11.64,6.7,3.62,1.64,0.46
341.08,281.72,270.22,244.1,216.5,189.96,167.02,147.28,126.98,110.32,94.9,82.64,70.38,50.88,35.44,24.16,13.38
136.16,92.08,82.96,67.86,52.76,42.4,33.3,25.58,19.24,14.26,10.28,7.08,4.6,1.42,0.06,0.0,0.0
176.1,147.36,139.14,124.3,106.68,92.46,79.18,67.5,57.74,48.84,41.2,34.34,28.72,19.46,12.4,7.78,4.3
198.76,139.56,130.16,115.56,97.56,82.12,68.44,58.04,47.92,40.2,33.08,26.92,21.82,13.94,8.5,4.66,1.88
242.4,204.52,194.5,174.56,151.5,132.32,114.64,99.08,85.0,71.96,61.4,51.86,43.68,30.32,19.92,12.46,6.7
120.7,85.5,78.44,66.4,54.04,43.34,35.18,27.84,21.78,16.72,12.44,9.3,6.56,2.8,0.82,0.0,0.0
191.74,142.3,131.64,114.94,94.82,78.98,64.04,53.24,42.24,33.26,25.86,19.82,14.96,8.12,3.44,0.78,0.0
142.0,89.48,80.54,65.08,50.36,39.64,31.36,24.48,19.24,14.8,11.14,8.32,6.14,3.08,1.28,0.32,0.0
246.38,202.82,192.98,172.02,149.26,130.66,114.7,98.84,85.88,74.3,63.56,54.14,45.88,31.36,21.12,13.2,7.04
198.52,150.62,140.1,122.08,100.24,83.66,69.9,56.98,46.88,38.48,31.38,25.02,19.94,11.84,6.3,2.16,0.0
253.44,217.02,206.58,187.42,165.48,145.3,127.88,112.38,98.24,84.58,73.52,62.36,53.58,37.08,25.26,16.5,9.84
176.6,135.08,124.84,105.6,85.82,71.42,58.92,48.22,38.58,30.68,24.14,18.16,13.12,6.18,1.82,0.0,0.0
225.68,177.36,167.28,147.28,123.32,105.14,88.54,74.92,62.96,52.22,43.02,35.4,28.7,18.3,11.36,6.06,2.36
214.04,170.54,160.7,144.54,121.5,105.28,90.58,76.88,65.54,55.9,47.26,39.68,32.98,22.36,14.78,8.98,5.24
162.72,129.0,120.06,104.6,88.6,75.0,63.06,52.62,43.52,36.44,30.36,24.78,19.7,12.42,7.04,3.4,0.76
176.06,127.82,119.66,103.88,86.04,71.98,60.28,49.82,40.86,33.6,27.6,22.4,17.82,10.78,6.0,2.8,0.62
213.4,179.46,169.3,150.26,127.08,108.82,92.62,78.8,66.4,55.36,45.16,37.24,29.92,18.66,11.12,5.62,1.98
915.88,774.34,738.96,683.02,619.12,565.36,519.02,476.84,436.68,398.48,363.28,329.82,299.2,238.12,187.0,142.66,104.56
192.68,153.92,146.02,128.1,105.98,88.12,72.94,60.94,51.08,42.26,34.44,28.04,22.42,13.54,7.8,4.02,1.48
165.16,133.6,124.32,109.14,91.86,78.38,65.9,55.82,47.24,40.0,33.44,27.76,22.88,14.96,9.18,4.94,2.04
194.6,115.42,101.4,79.98,60.18,47.42,36.78,27.98,21.08,15.18,10.68,6.98,3.96,0.46,0.0,0.0,0.0
153.38,107.48,98.18,84.84,70.14,58.4,47.56,39.0,30.98,25.38,19.84,15.24,11.54,5.92,2.58,0.6,0.0
152.56,106.86,99.72,84.88,69.22,56.46,45.48,37.18,29.86,23.76,18.28,13.78,10.32,5.24,2.12,0.36,0.0
180.3,140.68,132.72,115.1,95.72,80.28,67.78,56.26,46.96,38.48,30.78,24.94,19.82,12.1,6.78,3.16,0.86
263.82,211.96,199.36,175.38,148.0,125.46,106.12,88.84,73.48,60.36,49.84,40.78,32.22,19.94,10.92,4.7,0.5
139.46,88.84,80.5,66.6,51.2,40.72,31.7,24.04,17.64,13.12,9.28,6.38,3.88,0.94,0.0,0.0,0.0
190.72,145.88,135.86,117.78,97.92,81.06,67.72,56.5,46.66,38.02,31.0,24.58,19.64,12.18,7.0,3.52,1.08
218.1,178.58,166.3,149.54,127.5,109.04,94.9,80.52,68.04,57.32,49.3,41.78,34.56,22.62,13.42,6.52,1.74
152.64,83.78,69.82,54.4,40.68,30.9,23.54,17.2,12.5,8.72,5.7,3.56,1.98,0.34,0.0,0.0,0.0
125.12,90.94,85.04,71.54,57.26,46.26,36.6,29.18,23.18,18.42,14.1,10.7,7.96,4.12,1.82,0.54,0.0
131.88,91.24,82.4,67.52,54.7,43.52,34.94,27.12,20.78,15.84,11.64,8.26,5.62,2.34,0.58,0.0,0.0
119.98,85.44,78.08,64.76,50.92,41.04,32.26,24.88,19.06,14.38,10.86,8.0,5.5,1.96,0.18,0.0,0.0
149.58,91.28,79.0,63.8,49.08,38.68,29.68,23.14,17.58,13.44,10.12,7.48,5.4,2.72,1.04,0.26,0.0
227.5,180.76,172.06,152.08,129.76,112.34,96.6,83.84,72.08,61.16,52.52,44.64,37.48,25.88,17.0,10.5,5.92
354.04,292.08,278.68,255.14,228.34,205.66,181.78,162.92,144.82,129.84,115.18,101.3,89.02,66.66,48.06,34.98,23.3
350.42,283.64,270.08,248.96,221.2,198.12,177.6,159.36,141.98,124.2,108.76,94.8,82.82,62.24,45.14,31.56,21.78
266.8,217.74,209.16,190.5,168.44,149.12,132.68,117.8,104.12,91.16,79.26,68.3,58.4,41.72,28.78,18.86,12.92
264.7,218.08,207.8,185.38,160.64,140.54,122.58,107.94,94.12,81.6,70.7,60.24,51.04,36.12,24.68,15.98,8.28
122.84,97.86,90.9,78.32,64.82,53.5,43.76,36.28,29.52,24.06,19.22,15.46,12.32,7.42,4.28,2.06,0.56
227.0,189.3,177.34,157.96,135.94,117.04,101.32,86.64,73.0,61.4,51.44,43.5,36.4,23.98,15.7,9.38,4.86
201.94,174.94,164.12,148.24,129.3,113.74,99.7,87.66,75.98,65.68,56.7,48.72,41.64,29.58,20.26,13.42,7.84
180.04,147.34,138.34,119.58,99.34,83.22,69.12,57.44,48.32,39.46,31.24,24.8,19.54,10.34,4.2,0.48,0.0
194.4,162.82,155.86,140.1,119.74,101.48,86.56,74.48,63.58,53.86,45.52,37.1,30.24,19.66,12.36,7.02,2.94
491.76,415.46,399.1,369.04,331.6,302.72,273.68,245.54,222.08,200.72,179.42,160.16,142.94,111.22,84.48,62.62,46.6
252.08,207.36,195.96,176.28,152.76,133.1,115.38,100.52,86.8,74.8,63.56,53.6,44.8,31.3,20.86,13.24,8.22
180.48,138.2,127.92,109.96,91.4,75.6,63.26,51.32,41.22,33.14,26.12,20.76,15.94,9.06,4.28,1.44,0.02
250.3,183.72,175.14,158.38,134.52,115.38,98.74,85.36,72.56,61.68,51.66,43.4,35.92,24.16,15.12,8.74,3.86
259.9,221.98,212.3,191.3,164.16,141.34,123.52,106.14,90.52,77.66,65.4,54.0,45.0,29.24,17.28,8.14,1.12
234.4,192.86,181.68,161.76,136.8,116.42,99.54,84.52,70.76,59.7,49.72,41.32,34.18,22.88,14.2,8.26,3.64
172.84,110.84,100.48,83.18,66.24,52.3,42.12,33.4,26.72,20.82,16.38,12.38,9.22,4.58,1.74,0.26,0.0
246.8,202.38,190.84,171.82,144.98,125.78,108.04,92.08,78.36,66.14,56.62,48.12,40.12,27.16,17.76,10.38,4.54
170.94,134.32,126.86,113.0,95.86,81.04,69.94,59.26,50.04,42.36,36.16,29.82,24.58,15.82,10.2,6.08,2.94
214.08,160.7,149.52,130.38,110.16,93.18,78.66,65.5,53.3,44.38,36.52,29.8,23.96,14.66,8.3,4.04,1.04
179.36,132.94,123.38,103.66,81.58,64.5,51.22,39.36,29.72,21.66,15.52,10.18,6.3,1.8,0.0,0.0,0.0
202.28,160.54,151.7,135.08,115.68,99.0,84.86,72.72,61.02,51.6,43.28,35.84,29.34,19.34,12.02,6.66,1.9
178.92,124.02,111.96,95.28,75.74,61.12,49.62,40.88,33.68,27.14,21.24,16.66,12.98,7.66,4.02,1.7,0.32
444.58,369.3,354.18,326.14,288.24,256.7,230.0,205.2,184.0,165.38,146.92,129.44,113.98,86.18,64.3,47.78,32.5
313.36,259.12,244.9,224.34,192.32,167.32,145.5,127.04,111.2,96.0,81.84,69.2,58.88,41.56,27.36,16.58,7.52
188.7,102.38,86.86,69.04,51.62,39.58,29.9,22.52,15.98,11.5,7.76,4.78,2.76,0.46,0.0,0.0,0.0
196.54,170.56,160.0,143.12,121.3,105.92,91.32,78.82,67.72,57.06,48.26,40.76,34.3,23.44,15.42,10.02,5.06
211.14,90.4,79.2,58.66,42.92,33.1,24.8,18.74,13.86,9.64,6.24,3.94,2.22,0.18,0.0,0.0,0.0
306.22,239.88,227.6,207.3,182.7,161.02,142.22,125.42,110.32,96.6,84.24,73.14,62.54,45.32,31.4,21.98,14.18
279.8,241.08,229.1,207.14,179.54,156.14,134.92,117.34,100.3,86.72,74.48,63.08,53.4,36.72,23.7,14.34,5.9
318.08,262.0,250.4,229.64,204.62,183.22,165.62,148.02,131.98,116.88,104.16,91.22,80.12,60.52,44.1,30.66,21.46
136.74,106.02,99.0,85.44,70.84,57.74,46.6,37.56,29.74,23.44,17.92,13.46,9.66,3.68,0.62,0.0,0.0
384.68,333.58,321.12,294.48,259.04,227.74,202.88,180.28,158.6,140.5,122.42,106.7,92.12,66.18,46.76,31.34,18.44
151.92,110.28,100.3,83.42,67.8,55.04,45.1,36.06,29.24,23.08,17.9,13.44,10.2,5.14,2.08,0.52,0.0
156.4,125.86,118.02,105.02,89.62,76.76,65.9,56.22,47.42,39.96,34.02,28.42,23.52,15.88,10.14,5.96,2.6
251.4,194.74,183.14,163.24,141.1,123.52,106.86,94.74,82.12,70.34,60.6,51.9,43.72,30.7,20.98,13.46,7.28
240.64,192.38,182.12,165.36,144.32,125.94,109.54,95.54,81.48,69.76,59.68,50.86,43.46,30.64,20.32,13.3,7.6
198.52,160.48,150.74,134.24,114.38,98.86,85.64,72.4,61.78,52.06,43.22,36.14,29.6,19.98,11.96,6.54,2.76
245.78,165.18,152.9,129.52,106.5,89.64,75.9,64.06,53.58,44.92,36.56,29.38,23.26,13.7,6.72,2.12,0.1
183.68,120.28,109.96,94.18,77.58,66.1,56.1,47.6,40.02,33.66,27.94,23.24,19.04,12.28,7.2,3.86,1.56
451.18,371.66,352.48,319.52,282.12,250.84,222.9,197.24,176.46,155.3,137.4,119.42,104.2,79.0,56.32,39.56,24.36
152.16,95.86,85.1,68.12,52.34,42.4,34.92,28.96,23.92,19.42,15.42,12.08,9.24,4.84,1.76,0.1,0.0
112.72,81.4,73.96,60.98,48.7,39.02,30.9,23.8,18.28,13.68,10.0,6.94,4.74,1.78,0.32,0.0,0.0
165.18,125.92,117.24,101.94,85.34,72.72,61.5,52.4,44.72,38.12,32.44,27.22,22.52,15.34,10.22,6.34,3.18
239.98,197.28,188.48,169.72,148.7,129.6,114.24,98.78,86.02,74.96,65.26,55.58,47.62,33.34,22.76,14.8,9.36
215.92,176.96,167.0,149.06,128.28,110.02,94.14,79.68,67.34,57.2,47.68,39.68,32.76,21.42,13.4,7.64,3.32
239.92,98.24,87.28,68.76,52.12,40.12,30.84,23.78,17.38,12.12,8.38,5.22,2.96,0.4,0.0,0.0,0.0
164.86,91.44,84.1,69.9,55.08,43.58,34.6,27.08,20.94,16.18,12.16,9.1,6.64,3.12,1.2,0.18,0.0
132.42,99.5,91.1,75.82,60.38,47.84,37.62,29.2,22.62,17.46,12.76,9.04,6.18,2.26,0.2,0.0,0.0
220.54,139.98,124.66,102.42,80.22,64.1,51.0,40.34,31.9,25.0,19.34,14.86,11.18,5.74,2.28,0.44,0.0
288.06,231.34,218.18,193.46,165.8,145.24,127.3,111.4,97.58,84.7,73.24,63.54,55.06,40.4,28.26,19.82,13.34
227.32,180.88,172.52,154.12,131.74,113.38,98.2,84.04,71.48,60.58,50.88,42.64,35.02,23.3,14.86,8.18,3.42
193.64,124.56,112.84,92.26,72.94,58.12,46.68,37.44,29.74,23.8,18.72,14.58,11.1,6.24,3.14,1.26,0.22
166.68,113.0,103.76,86.36,68.8,56.26,46.04,37.6,30.08,24.4,19.54,15.44,12.42,7.16,3.42,1.06,0.0
214.42,183.06,172.3,152.38,129.16,109.42,92.96,79.28,67.02,55.62,45.92,37.7,30.32,18.1,9.06,3.26,0.0
240.74,193.0,183.28,165.44,141.62,123.02,106.32,92.32,78.88,67.44,56.84,47.66,40.08,26.72,17.24,9.64,4.44
210.42,167.1,155.84,136.52,115.32,97.1,81.72,69.2,57.38,47.54,39.22,31.92,25.52,15.04,8.12,3.66,0.8
179.9,98.18,85.48,69.66,54.06,43.94,35.68,28.44,22.12,17.3,13.3,9.88,7.18,3.6,1.44,0.32,0.0
164.74,113.78,104.86,88.7,72.2,56.8,45.42,35.82,28.44,21.96,16.54,12.28,9.2,4.6,1.92,0.4,0.0
343.46,275.28,264.88,241.8,214.16,191.04,170.92,151.9,134.2,118.64,104.2,91.24,80.48,60.3,43.86,31.38,21.22
216.7,170.04,160.18,143.84,121.68,102.76,86.62,73.88,61.44,51.3,42.42,34.08,27.06,16.46,8.88,3.88,0.74
332.5,288.56,277.46,253.52,224.0,197.56,175.24,153.14,135.2,118.72,103.46,89.96,77.7,55.64,38.94,26.5,17.1
147.86,123.4,114.84,101.62,84.3,69.66,57.9,48.24,38.96,31.46,25.36,20.0,15.62,9.24,5.18,2.46,0.62
155.22,105.36,95.3,78.7,62.9,50.76,41.18,33.68,26.8,21.46,16.82,13.14,10.0,5.66,2.96,1.38,0.44
118.44,84.12,75.74,61.68,45.78,35.2,26.54,19.36,13.64,9.26,5.8,3.4,1.78,0.1,0.0,0.0,0.0
617.64,520.12,495.58,456.34,411.8,375.9,344.86,312.52,283.64,255.62,231.14,205.88,184.14,145.92,111.7,83.24,59.32
189.26,127.86,118.48,101.46,83.58,68.7,57.48,47.18,38.2,30.86,24.74,19.56,15.0,9.18,5.12,2.44,0.84
271.44,237.44,226.76,206.4,182.22,161.58,143.82,127.38,112.0,97.6,86.7,76.18,65.92,48.58,35.56,25.08,15.84
236.48,191.5,177.72,154.26,128.56,109.06,91.26,77.24,65.28,54.04,44.58,36.38,29.6,18.84,11.04,5.48,1.78
151.66,115.92,109.3,96.0,79.5,66.98,56.6,47.34,39.72,33.36,27.28,21.98,17.66,10.84,5.92,2.36,0.08
220.1,103.82,90.52,70.98,54.02,42.34,33.3,25.7,19.5,14.98,11.52,8.56,6.22,2.82,0.82,0.0,0.0
463.2,378.8,362.0,331.66,297.2,269.42,242.4,220.42,197.7,175.92,157.6,141.62,124.94,96.12,71.8,52.1,35.62
132.4,82.6,74.32,59.02,43.64,32.7,24.5,17.46,11.72,7.86,4.8,2.6,1.14,0.0,0.0,0.0,0.0
230.08,182.38,171.64,153.02,131.4,112.46,97.74,83.46,72.5,61.62,52.58,44.56,37.26,25.28,16.76,10.12,4.98
135.58,99.36,91.78,78.76,62.46,51.24,41.18,32.7,25.64,19.66,15.0,11.18,8.3,4.26,1.84,0.54,0.0
183.34,141.92,132.6,114.66,95.66,80.62,68.0,56.92,46.76,38.64,31.82,25.76,21.02,13.04,7.82,4.14,1.42
174.22,108.8,97.66,80.04,61.26,48.78,38.04,30.1,24.06,18.42,14.06,10.46,7.76,3.88,1.54,0.32,0.0
165.66,137.6,128.78,114.8,98.48,82.92,70.32,59.54,51.0,42.82,35.76,29.64,24.28,15.82,9.9,5.48,2.08
182.52,134.0,124.06,105.78,85.68,69.48,56.68,44.84,35.12,27.16,20.54,14.9,10.62,4.72,1.36,0.0,0.0
122.7,92.56,85.48,71.5,57.54,46.26,37.18,29.9,23.66,18.3,13.98,10.38,7.38,3.36,1.04,0.0,0.0
152.04,102.9,94.92,79.82,65.34,54.02,43.58,35.36,27.86,22.04,17.32,13.4,10.24,5.64,2.82,1.04,0.08
172.22,136.94,129.04,114.64,96.8,80.88,66.42,54.2,44.4,35.52,27.48,21.26,16.0,7.72,2.66,0.16,0.0
652.34,576.46,559.46,525.32,487.7,454.42,420.98,390.44,359.52,332.96,306.5,280.04,256.0,213.24,171.4,132.82,111.32
196.52,114.26,102.66,85.6,67.5,55.32,45.54,36.58,29.72,24.26,19.14,14.82,11.56,6.44,2.98,0.9,0.0
172.42,84.44,75.26,60.46,45.14,33.46,25.34,18.84,13.3,9.16,5.9,3.38,1.58,0.0,0.0,0.0,0.0
205.18,128.6,116.52,97.74,80.36,66.94,56.52,46.94,38.34,31.34,25.48,20.64,16.58,9.74,5.28,2.2,0.42
179.6,139.52,128.68,112.82,95.54,81.38,67.92,56.98,47.96,40.14,32.98,26.88,21.98,14.6,8.96,5.04,2.18
112.46,77.1,69.88,57.34,45.44,37.42,30.04,23.72,18.16,13.52,9.96,7.1,4.84,1.8,0.28,0.0,0.0
120.18,85.4,76.98,66.4,53.96,45.58,38.26,32.46,27.48,23.02,19.1,15.74,12.76,7.86,4.78,2.3,0.74
333.92,278.84,264.12,241.94,218.12,194.76,175.08,157.72,141.82,126.66,113.14,100.36,88.86,67.98,50.38,36.26,27.18
191.3,130.22,118.18,97.52,76.52,62.08,49.52,39.42,31.68,24.66,19.1,14.52,10.62,5.66,2.6,0.76,0.02
173.38,136.08,126.42,109.54,89.56,73.66,61.16,50.96,41.6,34.18,27.6,22.16,17.26,10.0,5.32,1.96,0.02
271.26,233.66,223.82,204.88,180.58,159.2,140.64,123.02,107.52,93.64,82.24,70.76,60.16,42.08,28.74,18.74,11.08
357.96,300.62,288.48,267.84,239.86,216.14,195.24,175.88,157.34,139.46,124.0,109.74,95.72,72.62,53.46,37.18,27.8
143.3,93.48,83.86,67.42,52.94,42.14,34.08,26.58,20.5,15.32,11.12,7.78,5.12,1.94,0.36,0.0,0.0
178.4,131.1,122.98,105.94,86.64,70.26,56.6,45.16,35.44,27.14,20.02,14.5,9.84,3.46,0.26,0.0,0.0
187.14,160.58,150.88,133.96,114.74,98.16,82.56,68.98,58.02,48.9,40.7,33.66,27.32,17.22,10.32,5.38,1.76
459.32,392.88,377.08,349.66,314.5,286.52,259.94,234.62,209.06,188.38,168.3,150.48,134.4,105.92,81.66,61.68,43.98
150.94,115.02,107.9,94.1,79.28,66.12,56.34,47.14,39.06,31.44,25.78,21.08,16.9,10.42,6.06,2.94,1.02
223.46,177.22,166.5,145.78,122.1,103.62,86.84,72.34,61.76,51.5,42.5,34.44,28.18,17.74,10.34,5.42,2.02
206.24,152.86,139.78,119.7,98.92,83.52,70.74,58.82,48.9,41.28,34.08,27.78,22.56,14.3,8.34,4.1,1.28
189.28,129.48,115.6,96.9,77.08,60.94,48.52,37.4,29.12,22.4,17.2,12.72,9.08,4.46,1.8,0.3,0.0
145.68,98.2,89.94,74.42,58.78,47.0,37.34,29.02,22.08,16.48,12.0,8.02,4.96,1.18,0.0,0.0,0.0
205.14,163.1,153.62,132.1,110.08,92.42,77.5,65.02,53.0,43.32,34.78,28.4,22.78,14.38,8.48,4.1,1.38
503.18,428.64,410.06,377.54,339.44,309.9,279.22,253.36,228.18,204.64,185.58,165.94,147.86,116.14,87.92,67.28,47.74
189.2,135.46,123.56,106.5,86.66,70.84,57.32,46.22,37.36,29.46,22.42,16.6,12.02,5.1,1.12,0.0,0.0
101.68,69.76,62.42,51.8,41.44,33.16,26.92,21.28,16.44,12.7,9.56,7.22,5.12,2.26,0.68,0.0,0.0
553.46,465.42,444.94,411.14,372.1,343.28,314.54,288.2,262.9,239.54,216.6,196.66,178.06,143.14,111.26,88.56,70.7
213.26,175.1,163.66,145.64,125.86,108.28,94.3,80.3,68.52,57.72,48.3,39.58,32.08,19.4,9.7,2.52,0.0
248.36,206.36,195.58,177.38,152.98,131.5,113.46,97.08,82.08,68.96,57.84,47.78,39.14,26.18,16.76,9.98,5.18
213.54,181.86,172.9,155.44,134.16,115.64,99.58,85.36,72.6,61.64,52.16,43.68,35.92,24.7,15.52,9.42,5.42
369.62,316.32,301.56,273.98,241.4,212.76,188.22,164.16,144.74,127.26,110.16,95.42,82.02,59.82,42.06,28.12,16.86
173.82,123.24,113.1,94.56,76.92,62.46,52.02,42.12,34.06,26.84,21.16,15.7,11.1,4.74,1.02,0.0,0.0
144.82,111.2,103.12,88.8,72.06,57.98,47.58,38.52,31.32,25.1,19.8,15.26,11.52,5.96,2.5,0.66,0.0
142.8,92.36,83.76,69.62,56.02,45.44,35.98,28.28,21.78,16.52,12.34,9.12,6.6,3.1,1.0,0.02,0.0
130.26,90.0,81.74,69.62,56.16,45.74,37.42,29.98,23.78,18.92,14.54,10.88,7.94,3.82,1.36,0.14,0.0
126.48,84.04,77.64,67.74,54.52,45.52,37.06,29.6,24.08,18.8,14.54,11.02,7.94,4.02,1.52,0.42,0.06
398.96,332.26,316.18,286.44,253.94,224.76,196.92,173.44,152.9,133.28,114.76,99.3,84.98,61.06,42.14,28.72,18.62
152.96,117.26,109.7,94.24,77.04,64.44,53.72,45.02,37.08,30.76,24.8,20.44,16.16,9.92,5.74,2.54,0.4
83.24,56.88,50.18,39.18,27.98,20.1,14.08,9.32,5.74,3.32,1.48,0.48,0.0,0.0,0.0,0.0,0.0
165.3,123.1,115.8,103.26,87.68,75.62,65.52,56.32,47.9,40.94,34.12,28.34,23.08,14.98,9.22,5.14,2.68
227.04,162.38,151.7,129.32,106.12,88.46,74.3,61.58,50.9,41.54,34.06,27.02,21.52,13.42,7.64,3.84,1.16
109.3,77.26,71.04,60.52,48.98,40.2,33.08,27.44,22.06,17.86,14.16,11.32,8.86,5.18,2.76,1.2,0.28
111.0,85.64,77.58,64.86,51.72,41.48,32.82,25.9,20.04,15.38,11.62,8.5,6.1,2.9,1.14,0.2,0.0
267.84,237.16,229.46,211.28,190.02,169.38,151.08,135.0,122.18,108.56,96.2,84.72,73.46,55.66,40.8,28.9,20.56
161.92,132.18,125.0,109.38,91.94,76.74,64.0,52.8,43.3,35.86,29.3,23.42,18.4,10.9,5.82,2.62,0.46
214.78,164.3,155.54,139.38,120.5,104.58,90.44,78.1,67.52,57.6,49.1,41.54,34.84,23.18,14.54,8.48,4.04
263.46,220.42,210.62,190.7,168.86,148.34,131.84,115.26,101.56,88.04,76.22,65.84,55.42,38.38,25.46,15.6,9.32
114.72,86.08,78.04,64.38,50.0,37.76,27.86,20.06,13.86,9.3,5.68,3.14,1.48,0.0,0.0,0.0,0.0
226.84,184.26,174.6,154.98,134.0,115.08,99.02,84.2,70.76,59.28,49.8,41.06,33.42,20.24,11.4,5.04,0.58
313.2,236.66,223.8,200.9,175.86,153.32,134.84,116.52,100.46,84.96,72.08,59.98,49.66,33.48,20.28,10.86,4.14
288.82,114.02,93.84,68.94,48.08,34.8,26.02,18.86,13.02,8.66,5.44,3.2,1.54,0.08,0.0,0.0,0.0
175.56,127.46,116.26,98.78,80.92,67.32,56.02,47.34,40.08,33.22,27.38,22.22,18.1,11.7,6.9,3.48,1.1
241.22,197.7,186.02,164.18,138.1,119.7,104.78,90.14,77.4,66.0,55.32,46.82,39.04,25.9,15.64,8.44,3.7
378.1,330.54,318.52,294.76,269.06,247.38,226.66,205.54,185.24,165.94,147.62,131.12,114.78,86.82,64.2,44.52,34.28
247.62,214.8,206.22,189.62,168.26,150.72,134.54,118.5,105.1,93.32,81.66,71.42,61.92,46.48,33.44,24.0,17.76
562.32,464.32,446.22,406.72,367.7,334.3,303.0,272.4,243.68,218.4,193.98,173.04,151.32,114.82,82.16,56.12,40.0
106.34,69.86,63.56,52.46,42.32,34.76,28.08,22.58,17.7,13.76,10.54,7.96,6.12,3.16,1.36,0.52,0.1
551.28,458.72,440.02,402.98,359.5,323.44,289.8,260.9,233.5,207.82,185.5,164.86,145.98,109.94,82.16,58.22,38.12
357.52,293.16,279.56,251.32,219.9,193.26,170.66,150.38,131.98,115.64,100.56,88.02,75.9,55.88,40.82,28.32,17.24
171.76,141.14,133.44,118.18,101.1,87.08,75.5,63.24,54.46,46.62,39.44,33.2,27.36,18.76,12.26,7.38,3.2
166.06,101.96,91.38,72.12,55.36,43.7,35.04,28.1,22.46,17.8,13.7,10.42,7.92,4.28,2.04,0.74,0.12
230.0,173.82,161.7,141.5,118.88,101.0,84.68,70.68,58.8,48.92,39.92,32.48,26.2,16.72,9.84,4.38,0.7
229.38,184.14,174.12,154.16,131.14,111.6,95.78,80.52,68.32,57.18,48.28,40.02,32.98,21.34,13.28,7.32,3.46
96.2,53.08,47.36,38.92,29.7,23.5,18.06,13.8,10.16,7.4,5.1,3.34,2.06,0.52,0.0,0.0,0.0
211.18,116.68,104.38,85.18,65.48,52.48,42.04,33.26,25.52,19.52,14.8,11.1,7.98,3.86,1.6,0.34,0.0
92.86,67.92,61.8,52.76,42.66,34.58,27.7,21.92,17.14,12.76,9.48,6.7,4.66,1.8,0.38,0.0,0.0
209.04,120.76,106.9,87.06,68.54,53.96,43.58,34.76,27.36,21.04,15.72,11.26,7.54,2.64,0.32,0.0,0.0
160.88,124.5,117.26,102.18,85.56,71.36,58.32,48.12,39.32,31.88,25.8,20.92,16.6,10.06,5.66,2.7,0.88
285.62,228.48,215.18,191.46,167.52,145.1,127.72,112.32,96.86,84.44,72.26,62.4,52.92,38.3,26.68,17.9,10.86
170.82,126.48,116.58,99.78,80.98,66.34,53.24,42.18,31.92,24.02,17.68,12.0,7.62,1.38,0.0,0.0,0.0
181.82,91.38,76.64,58.02,39.54,28.1,19.6,13.06,8.54,5.02,2.64,1.16,0.44,0.0,0.0,0.0,0.0
246.12,211.0,200.86,183.32,161.76,142.32,125.32,110.9,98.14,85.94,75.48,66.24,57.44,42.22,31.04,21.68,13.78
138.48,113.34,104.8,90.42,74.44,60.44,49.08,40.54,32.7,25.76,19.94,15.24,11.24,5.66,1.92,0.16,0.0
234.24,192.64,183.24,168.0,148.1,130.66,115.38,101.3,89.48,77.98,67.9,59.14,51.22,37.28,26.36,18.26,13.38
135.76,86.26,77.48,62.62,50.02,40.34,31.84,25.28,19.5,15.16,11.66,8.98,6.58,3.24,1.34,0.34,0.0
197.96,163.62,153.62,136.38,115.14,97.04,80.56,67.4,55.46,45.82,37.7,30.8,24.64,15.56,9.12,4.56,1.28
391.0,321.4,306.18,281.7,249.9,223.44,197.5,174.64,154.82,135.36,119.0,105.56,92.12,69.44,51.06,36.16,24.24
274.06,216.66,205.42,184.5,159.78,140.16,122.52,106.58,92.0,78.84,67.68,56.68,48.04,33.3,21.76,12.92,5.44
199.16,99.1,85.96,67.86,49.82,37.44,28.04,20.76,15.28,10.66,7.06,4.26,2.22,0.2,0.0,0.0,0.0
158.34,128.54,119.76,103.84,83.88,68.7,56.06,45.14,36.02,28.26,22.2,17.18,13.18,7.22,3.28,0.98,0.0
445.46,387.28,369.48,340.9,306.74,279.34,254.0,229.46,207.54,185.58,166.32,149.4,131.76,102.1,77.6,56.7,44.96
231.84,181.92,170.84,151.4,127.82,110.38,94.98,79.94,68.2,58.02,48.18,40.58,33.28,22.12,13.7,7.54,2.98
321.22,255.1,242.28,218.74,189.62,167.76,148.1,130.26,114.96,99.88,87.68,75.86,65.24,47.76,32.82,22.58,15.62
404.9,341.78,330.04,301.74,267.82,241.0,216.76,194.18,171.68,153.32,133.96,117.06,102.72,77.64,56.22,38.66,26.76
427.42,352.84,338.5,305.72,272.76,246.18,220.72,197.84,178.0,159.26,141.36,125.6,111.4,83.86,61.86,44.66,30.42
278.86,142.4,127.24,102.14,80.18,65.74,54.6,44.98,36.8,30.06,24.18,19.16,15.48,9.16,4.92,2.22,0.64
209.86,127.76,115.22,93.92,73.5,58.04,46.16,35.84,27.6,21.3,15.9,11.28,7.08,2.1,0.06,0.0,0.0
362.06,311.4,296.22,269.7,243.06,222.28,201.74,183.02,167.48,150.0,135.64,123.02,110.72,87.52,66.28,51.24,38.2
359.44,294.22,281.14,257.26,228.8,204.06,180.46,160.3,142.36,125.5,111.78,98.7,86.08,64.02,47.34,34.86,23.66
465.28,376.7,359.62,324.26,279.42,244.14,216.52,188.52,164.4,143.26,123.6,105.68,89.96,62.94,42.28,26.54,13.76
149.04,117.34,108.66,96.38,81.88,69.38,59.12,49.0,41.1,34.56,28.7,23.82,19.84,12.9,8.14,4.82,2.12
172.8,110.78,100.28,81.9,63.16,50.8,40.82,33.02,26.36,20.96,16.2,12.36,9.34,5.18,2.6,0.88,0.08
268.26,119.06,98.58,72.64,49.84,36.06,25.68,17.44,11.44,7.12,3.84,1.56,0.38,0.0,0.0,0.0,0.0
391.34,326.16,311.24,283.98,251.24,223.8,200.16,177.78,159.1,141.84,126.04,110.24,97.82,74.42,55.08,40.68,28.76
203.3,140.02,123.68,101.96,79.7,63.72,49.78,38.62,28.56,21.44,15.4,10.24,6.58,1.68,0.0,0.0,0.0
153.76,112.4,102.48,87.6,72.9,60.86,50.02,40.34,32.12,25.26,19.54,14.44,10.86,5.02,1.68,0.06,0.0
124.46,79.94,70.9,54.22,39.06,28.88,21.22,14.64,9.58,5.62,3.06,1.42,0.4,0.0,0.0,0.0,0.0
113.54,86.96,79.64,67.56,53.66,42.36,33.6,26.24,20.28,15.1,11.44,8.46,6.12,2.98,1.24,0.38,0.02
551.74,474.62,449.32,414.62,372.28,340.74,310.76,282.44,255.52,232.98,211.18,190.46,173.0,136.2,105.6,81.42,58.94
194.94,149.4,138.28,114.22,89.86,72.5,59.56,49.12,39.58,31.4,24.52,18.76,13.8,5.9,0.28,0.0,0.0
148.36,116.06,107.8,94.82,79.32,66.1,55.4,45.34,37.58,30.88,25.34,20.34,16.06,9.9,5.74,2.92,0.94
192.96,164.4,156.38,139.4,119.68,102.0,86.42,72.82,61.24,51.14,42.38,35.0,28.42,18.28,11.64,6.96,3.4
146.4,84.88,72.6,57.5,43.72,34.2,27.84,22.14,17.12,13.42,10.36,7.96,5.98,3.2,1.58,0.6,0.1
311.66,258.82,246.38,221.76,193.36,168.16,147.1,128.78,112.48,97.62,83.82,71.68,61.06,43.2,28.92,18.18,9.06
217.64,132.02,117.78,98.3,79.1,63.4,52.08,41.88,33.3,25.68,19.46,14.38,10.12,4.14,1.0,0.0,0.0
276.7,250.38,239.96,221.58,198.94,178.2,158.48,141.8,125.2,110.92,98.32,87.0,75.66,57.14,41.76,29.28,21.92
112.46,78.7,71.18,59.5,48.28,39.72,32.58,26.98,21.56,17.0,13.22,10.12,7.54,4.1,2.12,0.84,0.12
303.72,252.62,241.48,219.66,194.04,170.78,152.2,135.9,120.88,104.48,91.36,79.78,68.84,50.64,35.8,24.86,16.7
452.46,384.58,370.22,345.08,314.76,287.62,261.02,236.14,215.22,192.78,172.96,154.1,136.4,106.3,80.0,56.12,45.64
130.58,70.86,60.82,44.22,29.7,19.84,13.08,7.92,4.62,2.38,0.98,0.22,0.0,0.0,0.0,0.0,0.0
220.66,191.02,181.88,163.18,140.3,121.88,104.38,89.48,76.96,66.16,55.44,46.12,38.6,26.06,17.06,10.32,5.68
167.8,138.24,130.66,113.72,94.7,79.2,65.54,54.24,44.5,36.64,29.62,23.9,19.14,11.9,6.96,3.54,1.18
178.16,120.84,107.64,84.28,63.06,47.9,36.4,26.64,18.74,12.96,8.5,5.36,3.22,0.66,0.0,0.0,0.0
165.68,117.52,107.48,89.46,72.54,58.74,48.16,39.22,31.58,25.08,20.0,15.76,12.36,7.34,4.14,2.0,0.64
162.52,130.28,122.64,107.42,89.28,74.56,62.9,53.08,44.18,36.64,30.5,25.36,20.38,13.24,8.38,4.74,1.8
171.26,144.34,138.74,124.6,109.04,95.42,84.6,74.72,64.76,55.28,47.02,40.2,34.7,24.44,17.08,11.4,6.94
347.1,290.3,277.0,251.98,220.94,195.08,171.74,152.9,135.44,119.1,103.62,90.98,78.8,58.24,42.34,29.28,17.78
280.32,147.44,136.02,115.24,97.8,83.54,71.38,61.38,51.84,44.14,36.62,30.02,24.68,15.66,9.32,4.62,1.44
220.06,188.82,181.38,166.52,148.82,134.64,119.98,107.04,94.92,84.66,74.96,65.82,57.28,43.2,31.32,22.76,16.76
1265.58,1099.32,1062.8,1012.24,954.58,910.2,871.3,833.12,792.36,754.46,715.24,674.8,636.94,559.32,477.76,417.2,370.2
168.76,116.56,104.54,86.7,66.44,52.68,41.26,32.18,24.7,18.58,13.7,9.82,6.94,2.96,0.76,0.0,0.0
141.6,107.0,97.24,82.8,68.0,55.38,45.38,37.18,29.86,24.1,19.08,14.6,11.08,5.72,2.24,0.18,0.0
216.44,189.1,178.76,159.0,135.96,115.04,99.12,83.02,69.7,58.8,48.08,39.06,30.92,18.44,10.34,4.62,1.02
198.26,148.9,137.08,118.4,98.5,82.3,69.14,57.56,48.04,39.06,32.1,26.12,21.16,13.3,7.8,4.16,1.66
486.06,399.46,378.5,343.54,302.38,266.24,236.46,209.4,184.7,163.6,142.88,124.94,107.96,79.98,58.58,39.36,27.42
181.32,121.64,107.5,87.6,67.84,54.18,43.12,34.18,25.44,19.06,13.52,9.08,5.78,1.34,0.0,0.0,0.0
104.04,70.3,62.86,51.7,40.02,31.06,23.84,17.94,13.02,9.12,6.14,4.04,2.46,0.58,0.0,0.0,0.0
172.12,132.84,124.64,109.62,91.24,75.28,62.58,51.3,41.6,33.36,26.0,20.46,15.62,8.32,3.5,1.04,0.16
210.4,162.08,150.88,131.7,109.96,91.76,76.9,63.22,52.06,42.34,33.84,26.6,21.08,12.44,6.18,2.3,0.08
173.24,142.6,132.62,116.12,97.0,81.82,67.78,54.76,45.32,36.06,28.72,22.62,17.36,9.36,4.04,1.08,0.0
193.82,90.3,78.02,60.88,45.46,33.76,26.06,19.68,14.7,10.62,6.96,4.32,2.6,0.4,0.0,0.0,0.0
343.76,302.32,293.06,275.02,250.12,228.06,206.82,186.3,166.74,148.74,131.92,117.94,103.52,78.14,59.02,40.74,32.12
172.02,147.1,141.44,129.56,113.92,100.6,88.42,78.04,67.84,59.12,50.84,44.2,38.24,28.06,19.96,13.66,9.42
167.36,111.16,101.98,86.92,69.54,56.88,46.6,37.36,29.88,24.0,18.78,14.56,11.0,5.7,2.26,0.36,0.0
119.4,77.64,70.18,58.54,47.54,39.64,32.06,25.86,20.6,16.14,12.52,9.54,7.14,3.8,1.58,0.44,0.0
152.26,101.04,91.16,74.22,57.88,45.22,35.62,26.98,20.96,15.46,10.98,7.1,4.26,0.58,0.0,0.0,0.0
643.24,544.34,519.38,480.0,439.8,399.7,366.98,333.56,306.04,276.24,251.1,225.8,200.96,158.84,122.82,92.94,71.72
133.96,95.24,87.16,74.1,59.14,47.92,38.94,31.3,24.78,18.94,14.8,11.06,8.1,3.82,1.3,0.14,0.0
906.86,757.54,733.22,686.5,633.54,591.4,549.76,509.76,475.68,441.28,405.36,375.22,344.2,289.12,239.78,195.12,151.0
164.62,103.8,90.88,73.64,57.58,46.26,38.04,31.26,25.36,20.42,16.58,13.1,10.26,5.72,2.86,1.2,0.32
1352.64,215.56,165.18,103.5,66.9,48.56,35.28,25.74,18.58,12.94,8.66,5.56,3.16,0.62,0.0,0.0,0.0
200.48,138.8,126.6,105.38,85.22,69.08,57.54,47.24,38.7,31.04,24.4,19.0,14.0,7.02,2.18,0.0,0.0
135.3,94.88,86.34,72.58,57.74,46.54,36.36,28.64,21.98,16.16,11.92,8.24,5.32,1.56,0.06,0.0,0.0
205.96,157.8,149.2,133.58,112.52,96.22,81.48,69.32,58.34,48.38,40.72,33.72,27.68,18.42,11.62,6.9,3.6
408.32,336.88,319.92,291.82,255.84,225.6,200.5,178.96,159.38,140.58,124.14,108.0,94.82,70.72,50.9,34.84,20.38
119.84,69.58,59.44,42.94,30.04,21.8,15.76,11.38,7.84,5.08,2.96,1.58,0.66,0.0,0.0,0.0,0.0
146.5,95.26,85.54,70.46,55.76,44.82,35.9,28.48,22.34,17.04,12.9,9.06,6.14,2.3,0.34,0.0,0.0
108.5,77.22,70.52,58.04,46.12,37.38,29.56,23.3,17.98,13.72,10.32,7.48,5.14,2.16,0.58,0.04,0.0
780.92,672.7,645.68,604.64,559.18,524.14,493.24,457.86,422.62,393.06,363.54,331.12,303.2,248.74,194.56,147.22,124.38
263.56,142.02,120.88,92.28,70.42,55.64,44.38,35.54,27.94,21.94,17.18,13.04,9.92,5.54,2.52,0.76,0.08
201.48,98.84,86.22,61.62,44.72,32.92,24.5,17.26,11.82,7.76,4.88,2.7,1.38,0.16,0.0,0.0,0.0
117.32,72.82,56.94,41.04,31.5,24.98,20.52,16.44,13.48,10.68,8.14,6.34,4.48,1.4,0.08,0.0,0.0
103.56,72.38,64.76,51.74,40.44,32.38,26.1,20.24,15.54,11.78,8.6,6.06,4.08,1.3,0.0,0.0,0.0
670.8,560.86,540.2,512.08,479.66,449.52,421.74,396.46,369.3,340.9,313.34,290.16,263.62,217.06,170.64,127.58,107.44
169.0,125.66,113.78,96.18,77.56,64.0,52.22,41.6,32.82,25.92,19.94,14.88,10.68,4.44,0.82,0.0,0.0
263.56,218.38,207.08,186.36,158.32,137.14,116.64,99.5,84.1,69.9,58.78,47.84,38.78,24.14,13.38,5.46,0.26
311.14,251.76,239.14,216.06,189.76,168.06,147.76,130.68,114.32,100.12,86.9,75.16,65.02,47.2,33.7,22.5,12.32
213.56,177.12,167.52,149.94,128.7,110.08,94.42,80.3,68.12,59.08,48.9,40.88,33.32,20.96,12.16,5.76,1.4
198.26,116.62,104.28,85.62,68.02,56.74,46.06,37.24,30.48,24.3,18.74,14.32,10.48,4.9,1.64,0.24,0.0
472.76,407.22,389.22,357.82,318.9,283.1,253.7,225.8,200.04,177.26,157.1,139.3,121.08,89.44,64.84,45.48,29.06
101.6,58.54,50.24,37.92,26.64,18.6,12.48,7.72,4.26,2.02,0.66,0.0,0.0,0.0,0.0,0.0,0.0
409.26,358.8,340.86,309.78,274.06,244.7,217.06,192.6,167.7,146.52,128.4,111.24,96.1,68.28,45.2,28.7,14.3
213.58,173.5,162.1,141.44,118.38,100.34,85.12,72.34,60.04,49.34,40.5,32.86,26.7,17.28,10.36,5.26,1.62
1705.54,1544.8,1493.06,1404.94,1331.42,1266.72,1215.72,1168.9,1112.52,1058.38,1005.1,945.78,900.66,796.48,687.98,608.44,550.84
112.56,72.58,63.28,50.12,37.08,27.82,20.7,14.88,10.46,7.24,4.6,2.72,1.38,0.12,0.0,0.0,0.0
196.34,168.8,160.34,145.04,125.88,109.18,95.06,82.82,71.14,61.04,51.74,43.26,36.34,24.44,15.74,9.8,5.04
213.12,165.32,153.46,134.12,110.12,92.98,77.02,64.2,52.86,43.02,34.26,26.74,20.7,11.0,4.24,0.14,0.0
238.4,181.08,171.66,153.9,134.16,117.24,101.32,86.94,75.26,64.44,54.5,45.56,38.18,25.98,17.06,10.7,6.04
179.78,136.34,126.58,111.32,94.14,81.4,70.04,60.2,51.22,43.14,36.36,30.14,25.14,16.72,10.76,6.52,3.28
178.68,107.58,98.36,81.08,63.76,50.32,40.32,32.38,25.82,20.24,15.92,12.04,8.92,4.9,2.26,0.74,0.02
238.92,199.84,190.08,171.62,146.38,126.72,107.34,90.66,77.56,65.0,54.92,46.62,39.16,26.32,16.86,10.26,4.84
79.56,60.6,56.12,48.14,39.94,33.24,27.92,23.08,18.82,15.4,12.46,10.14,7.96,4.52,2.24,0.82,0.14
161.26,106.0,97.58,81.94,64.78,49.92,39.46,29.38,22.36,16.4,11.36,7.42,4.58,0.96,0.0,0.0,0.0
164.12,118.88,112.82,97.34,81.56,68.88,58.14,48.48,40.56,33.9,28.02,22.92,18.66,11.9,7.08,3.9,1.64
192.2,144.96,134.38,115.84,93.74,76.48,61.78,49.16,39.12,30.48,23.14,16.94,11.82,4.2,0.08,0.0,0.0
124.32,98.92,92.26,80.52,65.38,54.08,44.62,36.26,30.0,24.04,19.44,15.34,12.08,7.26,4.12,2.12,0.72
493.04,187.64,159.58,117.56,86.76,66.84,53.02,42.0,32.36,24.8,18.58,14.18,10.48,5.1,2.34,0.66,0.02
387.92,325.06,312.88,287.72,261.32,237.6,216.28,194.62,175.64,157.02,140.44,124.92,110.92,85.32,63.44,47.74,35.58
193.26,153.58,145.18,128.48,106.32,89.4,74.8,61.92,50.5,41.5,33.62,26.64,20.1,10.62,4.38,0.82,0.0
221.14,190.36,181.48,162.36,142.12,122.28,105.06,89.74,76.1,64.44,54.22,44.76,37.42,24.46,15.68,9.18,5.3
194.44,107.68,97.06,77.84,58.78,46.6,36.88,28.82,22.5,17.28,13.08,9.78,7.4,3.78,1.74,0.62,0.08
141.42,115.8,109.64,96.78,80.2,67.32,55.48,46.12,37.28,30.18,24.16,19.3,14.68,7.58,3.44,0.82,0.0
203.5,130.28,114.92,94.32,76.44,61.78,51.5,43.2,35.24,28.58,22.9,18.18,13.88,7.9,3.82,1.26,0.0
178.34,137.3,129.64,115.52,99.14,84.66,73.04,62.72,52.68,44.78,37.66,31.36,25.96,17.08,10.78,6.36,3.42
75.36,48.08,43.06,35.4,27.04,21.06,16.28,12.24,9.3,6.86,4.84,3.24,2.0,0.44,0.0,0.0,0.0
1291.7,1090.96,1056.54,1002.46,938.38,888.84,844.62,799.14,755.34,707.88,665.62,623.8,587.1,508.38,424.32,364.76,329.86
108.0,66.02,58.66,47.42,36.78,28.64,22.06,16.56,11.82,8.48,5.54,3.38,1.88,0.08,0.0,0.0,0.0
132.02,90.68,82.16,67.04,52.66,41.98,34.58,27.26,21.46,16.78,13.2,9.98,7.56,4.14,1.88,0.7,0.1
149.36,113.24,103.56,86.84,70.16,56.84,45.9,37.32,29.38,23.52,19.16,15.22,11.7,6.84,3.56,1.58,0.4
151.28,108.06,97.66,81.18,61.24,46.42,34.52,25.94,18.44,12.92,8.94,6.12,3.9,1.28,0.14,0.0,0.0
114.3,77.18,70.12,59.1,47.54,38.76,31.38,25.52,20.66,16.6,13.22,10.28,7.88,4.56,2.36,0.98,0.18
449.54,399.92,387.42,356.66,321.76,290.08,263.24,236.68,212.82,190.64,170.28,150.46,132.96,101.0,73.52,52.88,35.26
166.44,103.18,87.14,68.22,51.56,41.22,33.32,27.34,22.16,17.96,14.52,11.78,9.1,5.26,2.66,1.12,0.22
139.26,102.92,95.48,81.54,67.44,56.7,47.62,39.66,33.48,27.72,22.9,18.66,14.8,9.22,5.54,2.96,1.14
758.14,651.52,632.28,596.34,554.52,517.06,480.9,446.76,413.48,382.54,351.98,324.84,297.54,250.08,201.26,157.7,137.14
78.56,43.42,37.24,27.4,18.94,13.5,9.6,6.38,4.16,2.64,1.52,0.76,0.28,0.0,0.0,0.0,0.0
256.92,219.86,211.04,193.52,169.84,150.34,131.98,114.68,100.86,88.44,76.8,66.54,57.44,42.06,29.8,20.38,13.5
713.96,622.28,595.88,556.26,508.88,472.94,436.36,398.82,370.5,343.48,316.04,291.54,266.68,221.36,180.68,150.56,119.68
106.62,80.2,73.44,62.88,52.02,44.34,37.62,31.88,26.82,22.38,18.5,15.4,12.38,7.88,4.64,2.48,0.94
178.54,108.6,97.38,80.48,65.88,54.44,44.76,37.26,31.14,25.7,21.22,17.2,13.6,8.16,4.34,1.72,0.34
165.4,131.88,123.42,107.06,88.78,75.1,62.48,50.5,41.14,33.48,26.5,20.1,14.86,6.44,1.48,0.0,0.0
400.88,151.14,109.66,71.28,42.9,28.6,18.94,11.98,7.32,4.14,2.12,0.86,0.24,0.0,0.0,0.0,0.0
285.02,243.86,227.58,196.92,162.42,133.16,109.96,92.6,79.16,68.12,58.78,49.56,41.84,28.84,19.0,12.64,7.66
199.84,125.18,117.08,100.16,82.02,66.5,54.22,43.02,33.96,26.24,19.38,13.92,9.68,3.4,0.4,0.0,0.0
368.38,108.2,86.04,55.38,34.94,23.44,16.06,10.12,6.28,3.56,1.62,0.56,0.08,0.0,0.0,0.0,0.0
217.34,174.24,163.18,144.42,125.8,109.92,94.98,82.08,70.5,60.56,51.14,42.82,35.86,23.04,14.14,7.02,3.26
138.48,104.58,95.38,79.24,61.92,47.86,36.9,28.02,20.48,14.26,9.66,5.98,3.02,0.22,0.0,0.0,0.0
128.72,73.86,65.82,52.32,38.76,29.72,22.38,16.7,11.98,8.38,5.48,3.34,1.94,0.24,0.0,0.0,0.0
190.62,122.8,110.9,92.56,74.3,61.82,50.76,41.48,33.6,26.56,20.98,15.98,12.22,6.34,2.8,1.04,0.22
279.18,228.1,216.06,193.68,171.44,149.02,129.36,112.32,98.54,85.42,73.56,61.8,52.94,37.82,25.5,15.74,7.7
540.52,167.7,140.98,102.48,72.36,55.64,43.02,33.46,25.98,19.66,14.6,10.54,7.4,2.82,0.62,0.0,0.0
650.4,521.7,499.12,452.92,403.88,367.42,338.14,309.38,280.46,257.02,236.66,214.58,195.06,158.86,123.8,100.0,79.42
169.44,121.12,111.5,96.1,77.24,62.26,51.94,42.24,33.7,26.66,21.52,16.92,13.38,7.92,4.3,2.0,0.54
556.92,462.6,444.92,408.34,368.16,336.18,308.02,280.72,257.34,233.14,211.18,189.28,168.98,135.42,102.54,77.34,63.0
251.94,203.38,190.42,170.54,145.5,126.04,109.98,95.9,84.3,72.42,62.9,54.14,46.9,33.74,24.3,16.98,10.28
163.3,102.74,89.8,71.22,54.14,42.18,32.76,25.08,19.08,14.42,11.1,8.12,5.84,3.02,1.32,0.42,0.04
233.4,198.26,188.12,170.46,148.4,129.56,114.48,100.74,88.06,76.84,66.76,58.26,50.24,36.46,26.58,17.76,10.28
333.16,138.68,113.38,84.06,62.26,47.46,37.08,28.44,21.36,15.56,11.04,7.5,4.84,1.44,0.0,0.0,0.0
162.44,99.4,90.64,73.18,56.14,43.06,32.52,24.7,18.68,13.72,9.66,6.48,4.0,1.08,0.0,0.0,0.0
894.96,757.5,727.78,674.06,616.9,567.5,522.68,479.22,441.26,403.96,370.94,339.8,312.6,252.56,201.72,158.32,119.0
220.16,179.04,167.56,151.56,131.14,114.3,98.3,84.42,72.12,61.74,52.88,44.24,37.28,25.42,16.94,10.72,6.74
228.42,195.6,185.1,162.66,136.64,114.96,96.66,80.82,66.32,55.26,45.08,36.14,28.6,17.66,10.46,5.58,2.2
145.86,87.56,77.96,64.4,49.14,37.92,29.08,22.14,16.24,12.26,9.06,6.34,4.3,1.8,0.44,0.0,0.0
143.88,110.1,101.48,86.46,69.12,55.62,44.72,35.18,27.72,21.08,15.82,11.02,7.42,2.78,0.44,0.0,0.0
351.2,132.54,112.96,81.4,53.02,37.08,25.56,17.4,11.8,7.66,4.44,2.06,0.66,0.0,0.0,0.0,0.0
393.88,330.78,315.78,287.04,253.24,224.6,200.3,177.1,157.0,138.18,121.44,104.64,90.56,66.88,47.7,31.68,18.0
330.26,270.88,260.86,237.38,209.6,182.88,160.12,141.28,124.4,108.04,93.56,80.22,69.06,50.16,35.88,24.68,14.58
266.82,174.46,157.66,133.92,109.98,93.24,80.24,68.84,59.26,51.14,43.98,37.28,31.72,21.96,14.96,9.24,4.94
245.98,202.28,191.6,171.06,145.6,123.96,106.14,89.72,75.98,64.26,53.74,45.04,36.92,24.92,15.54,8.9,3.56
743.56,617.46,591.12,549.38,500.08,461.74,424.94,390.82,357.8,329.84,301.2,279.08,252.56,207.56,163.64,128.86,106.5
191.26,138.08,127.3,108.82,91.18,76.84,65.04,54.56,45.3,37.5,30.8,24.92,20.42,13.1,8.28,4.58,1.84
211.7,172.0,162.02,144.82,122.64,102.2,84.2,68.58,55.68,45.5,36.2,27.86,20.7,10.02,3.34,0.02,0.0
151.98,110.8,104.26,92.0,78.58,68.0,57.94,48.64,40.6,33.92,28.14,22.9,18.26,10.88,5.44,2.1,0.66
212.06,121.06,104.4,80.72,59.82,46.42,36.72,28.38,21.36,15.16,10.5,6.8,4.18,1.08,0.0,0.0,0.0
460.94,394.6,376.36,349.28,316.1,290.0,264.66,239.72,216.92,196.46,176.5,159.26,142.12,110.38,84.28,63.74,51.36
191.32,141.78,133.94,119.64,103.04,87.56,74.16,63.92,54.36,45.78,38.52,31.96,26.24,17.22,10.9,6.5,3.72
199.5,126.62,114.42,94.46,74.74,60.1,48.28,38.86,31.26,24.34,18.6,14.08,10.62,5.58,2.28,0.52,0.0
176.82,109.14,95.92,75.94,59.72,47.32,37.7,30.16,23.78,18.6,14.1,10.7,8.08,4.24,1.86,0.46,0.0
130.9,84.3,76.18,63.98,51.56,41.88,33.58,27.16,21.48,16.58,12.62,9.36,6.8,2.92,0.96,0.14,0.0
111.38,67.82,59.96,47.38,35.46,26.02,18.88,13.48,9.18,6.02,3.76,2.12,0.96,0.02,0.0,0.0,0.0
164.96,109.22,97.34,80.4,62.78,50.08,39.9,31.26,24.18,18.38,14.16,10.9,7.9,3.8,1.4,0.18,0.0
161.06,136.92,130.94,117.4,100.0,85.98,72.34,61.1,51.56,43.0,35.72,28.92,23.38,14.8,8.68,4.66,1.72
115.74,77.5,71.34,60.28,48.5,40.16,33.0,26.82,21.34,16.7,12.86,9.48,6.76,2.92,0.62,0.0,0.0
63.82,40.96,36.16,27.36,18.94,12.66,7.8,4.48,1.96,0.46,0.0,0.0,0.0,0.0,0.0,0.0,0.0
127.52,93.56,85.58,73.5,57.92,46.16,37.4,29.86,23.8,18.36,13.84,10.78,7.96,4.26,2.06,0.72,0.08
155.14,105.38,96.48,81.94,66.18,54.86,45.5,37.42,30.18,24.28,19.1,15.36,11.7,6.78,3.42,1.02,0.02
495.74,160.86,134.86,99.3,72.72,55.38,43.12,32.56,24.34,16.98,11.78,7.5,4.12,0.4,0.0,0.0,0.0
102.56,70.44,63.94,52.74,39.44,29.7,22.16,16.16,11.32,7.44,4.68,2.72,1.46,0.16,0.0,0.0,0.0
152.98,125.98,120.0,109.98,96.38,84.68,75.12,65.38,56.38,47.96,41.32,35.42,30.16,21.14,14.36,9.2,6.56
115.3,75.9,68.84,58.68,47.22,38.78,31.56,25.76,21.08,16.9,13.4,10.52,8.04,4.78,2.6,1.24,0.42
118.42,90.68,83.72,69.76,55.22,43.06,33.72,26.54,20.5,15.76,11.78,8.56,5.98,2.4,0.52,0.0,0.0
104.12,68.28,60.96,49.24,36.42,27.98,21.46,16.52,12.24,8.92,6.44,4.66,3.32,1.54,0.56,0.1,0.0
332.62,293.04,281.32,256.58,232.0,212.14,192.1,174.82,157.66,140.72,125.82,109.78,96.88,72.26,50.48,33.46,24.82
275.96,240.18,230.1,207.3,178.96,153.14,131.68,112.64,96.0,82.0,69.76,58.94,48.82,32.4,20.96,11.92,4.68
138.36,76.1,66.7,53.44,41.4,32.62,26.44,21.26,16.6,13.08,9.96,7.62,5.56,2.68,0.88,0.08,0.0
138.84,106.58,97.04,83.14,68.92,58.78,50.14,42.14,35.22,29.58,24.74,20.34,16.76,10.98,6.82,3.68,1.4
128.34,97.18,89.82,77.0,61.3,48.6,38.12,29.84,22.88,17.88,13.6,10.14,7.28,3.54,1.34,0.18,0.0
252.58,189.64,176.58,150.42,124.72,103.74,84.64,69.74,57.78,46.66,37.42,28.74,22.36,12.12,5.18,1.1,0.0
156.76,119.48,111.76,95.42,79.06,65.96,56.02,46.72,38.56,31.86,26.02,20.86,16.88,10.38,5.74,2.44,0.42
436.98,377.9,365.1,334.2,299.62,270.92,242.84,216.38,193.36,171.18,151.32,135.48,118.52,88.36,65.44,46.9,30.2
721.74,220.12,180.84,136.84,101.32,79.26,63.54,51.74,41.9,33.24,26.06,20.12,15.62,8.64,3.98,1.5,0.28
106.84,82.7,77.32,66.92,55.1,46.0,38.2,31.36,25.64,20.64,16.3,12.68,9.58,4.94,2.08,0.34,0.0
142.18,120.56,114.2,102.04,87.84,75.38,64.86,55.3,46.74,39.86,33.22,27.88,23.5,15.42,9.94,5.92,3.26
241.68,133.24,121.54,100.56,81.04,66.72,55.54,45.3,36.6,29.1,23.32,18.56,14.86,8.96,4.9,2.08,0.48
177.34,119.9,108.48,88.94,69.88,55.94,45.68,36.7,29.22,23.28,18.76,14.98,11.52,6.64,3.62,1.58,0.38
112.82,78.92,70.72,57.56,43.8,34.2,26.26,20.94,15.96,12.0,9.04,6.56,4.68,2.04,0.66,0.08,0.0
244.36,125.12,113.8,90.94,71.9,57.28,45.8,35.46,26.88,20.26,14.8,9.92,6.6,1.82,0.0,0.0,0.0
132.96,99.6,92.46,79.56,65.0,53.38,44.08,35.74,29.22,23.82,19.06,15.06,11.86,7.1,3.98,1.98,0.66
187.62,147.98,137.8,119.04,95.44,78.3,62.7,50.7,40.88,32.28,25.26,19.0,13.9,6.4,1.56,0.0,0.0
169.5,132.88,125.76,112.26,95.54,81.16,69.32,58.16,49.26,40.28,33.24,26.92,21.42,13.3,7.74,3.8,1.44
263.9,220.36,209.06,187.94,160.92,137.5,119.04,103.1,88.92,74.96,64.08,53.32,44.34,30.26,20.16,11.78,5.52
262.44,219.84,209.96,192.48,171.16,151.76,136.24,121.46,108.38,94.66,82.42,71.02,61.16,44.46,31.84,22.16,16.02
564.3,468.88,447.9,405.92,363.2,325.26,294.3,262.72,237.34,214.18,191.66,171.96,152.02,118.76,89.36,68.58,48.9
504.94,426.56,407.94,372.06,328.48,292.2,259.84,230.5,205.0,180.12,159.24,140.28,122.96,92.22,66.12,45.22,27.7
99.38,62.38,54.48,42.18,30.64,21.98,14.68,9.16,5.28,2.52,0.8,0.0,0.0,0.0,0.0,0.0,0.0
144.6,100.56,91.46,76.46,60.68,48.6,39.02,31.4,25.48,20.16,15.8,12.14,9.3,5.34,2.66,1.0,0.12
177.42,117.02,106.76,92.0,75.3,62.0,49.4,38.64,30.64,23.14,17.2,12.38,8.58,2.9,0.14,0.0,0.0
157.0,107.34,99.82,85.22,70.44,59.7,50.0,42.08,34.76,28.48,23.62,19.42,15.76,9.66,5.78,2.84,0.8
260.48,200.56,189.74,170.84,148.68,128.44,111.32,96.84,84.14,73.44,63.38,54.54,45.7,31.38,20.66,12.1,4.78
250.76,180.54,167.72,147.46,125.3,109.92,95.42,84.0,72.7,63.78,54.5,46.8,39.84,27.72,19.5,13.32,8.6
296.8,149.98,127.82,92.48,66.9,52.24,40.52,31.4,24.08,18.6,13.76,9.64,6.78,2.56,0.58,0.0,0.0
130.1,85.9,78.62,65.1,51.64,41.64,33.58,26.48,20.84,15.7,11.68,8.54,6.12,2.82,1.0,0.16,0.0
111.38,66.24,58.1,44.02,31.56,23.42,17.36,12.4,8.86,6.18,4.22,2.7,1.72,0.46,0.0,0.0,0.0
183.3,142.84,133.12,117.16,100.36,86.54,74.02,63.42,54.18,45.94,38.94,32.12,26.58,16.88,9.72,4.4,1.44
177.24,140.8,129.98,114.18,95.94,81.72,68.82,58.58,49.26,41.12,33.78,27.92,22.68,14.5,8.66,4.38,1.24
876.98,745.6,720.04,671.98,623.08,586.08,548.66,516.12,484.02,455.14,426.78,396.12,368.54,310.08,249.48,207.66,182.84
233.46,207.0,197.94,176.46,151.62,131.08,113.38,97.94,84.02,72.22,61.26,51.92,43.64,30.72,21.12,13.56,6.72
143.12,111.4,103.02,89.74,74.68,62.68,51.8,42.5,33.8,27.42,21.56,16.78,12.92,7.02,3.54,1.42,0.22
193.78,125.3,112.72,94.02,74.14,59.08,47.84,38.42,30.0,23.96,19.08,14.84,11.48,6.7,3.72,1.72,0.48
254.1,198.12,183.72,158.38,131.22,110.02,91.32,76.44,62.58,51.0,39.88,31.96,24.24,13.52,5.78,1.1,0.0
737.64,612.0,588.54,544.14,496.38,456.48,416.72,381.12,350.28,318.68,288.02,259.84,233.46,185.04,141.98,106.06,85.64
123.8,76.52,66.56,53.38,39.94,29.74,21.76,15.32,10.66,6.96,4.4,2.58,1.3,0.1,0.0,0.0,0.0
123.9,92.04,84.56,72.76,59.92,49.48,40.68,32.78,26.12,20.72,16.2,12.28,8.98,3.96,1.28,0.0,0.0
412.9,353.56,337.96,309.68,276.5,246.34,218.74,194.52,173.0,153.86,136.02,120.08,105.38,78.04,56.56,40.28,27.46
835.74,585.94,563.72,527.42,482.38,440.36,406.0,372.74,343.12,313.52,285.72,259.06,236.44,191.98,153.72,119.82,97.96
226.92,189.96,179.98,163.64,142.58,124.88,109.14,95.52,83.12,71.54,61.58,52.82,44.76,31.4,21.1,13.82,7.96
138.38,96.64,88.8,72.48,55.86,45.32,37.38,30.98,25.22,20.16,16.02,12.32,9.24,4.72,1.96,0.22,0.0
150.82,110.2,101.86,89.28,74.78,61.64,51.82,43.2,36.38,30.58,25.8,21.64,17.7,11.94,7.4,4.52,2.48
1120.34,999.96,956.0,890.7,819.6,758.18,709.58,658.16,605.86,557.9,515.52,476.66,441.62,371.84,305.14,251.0,194.78
250.02,199.74,186.54,159.18,134.18,116.46,100.58,86.7,74.5,64.08,54.3,45.94,39.06,27.28,18.06,11.12,5.26
187.42,116.66,103.92,82.7,61.74,49.0,37.46,29.14,22.36,16.7,12.32,8.92,6.36,3.04,1.18,0.24,0.0
135.64,114.78,108.58,96.42,81.24,67.9,55.78,46.48,38.1,30.44,24.76,19.72,15.52,8.98,4.62,1.76,0.16
176.1,133.5,124.8,107.38,89.72,75.52,63.42,53.4,45.0,37.56,31.2,25.26,20.46,12.96,7.3,3.12,0.36
144.06,95.9,87.04,73.32,58.76,47.74,39.4,32.4,26.0,21.02,16.78,12.88,9.5,5.16,2.4,0.72,0.0
165.58,139.8,132.76,114.66,88.72,68.96,54.76,46.12,39.26,34.34,30.24,26.72,23.38,17.82,13.32,8.82,6.42
141.26,109.52,104.06,91.48,77.1,65.5,55.4,47.98,41.18,34.74,29.22,24.36,20.06,13.44,8.76,4.92,2.04
186.76,106.78,91.6,71.34,52.4,39.12,29.18,20.94,14.76,9.68,6.44,3.68,2.0,0.18,0.0,0.0,0.0
222.64,187.44,176.64,157.14,132.2,113.0,96.0,81.16,67.9,56.52,45.62,37.28,30.14,19.04,12.02,6.68,3.32
136.48,99.76,91.32,77.32,60.92,47.88,36.92,27.24,20.66,14.24,9.36,5.34,2.6,0.0,0.0,0.0,0.0
253.5,153.38,131.4,101.54,76.42,60.38,46.58,36.28,27.6,20.12,14.02,9.46,5.68,1.74,0.16,0.0,0.0
134.12,75.76,66.88,53.38,40.4,31.04,23.6,17.5,12.84,8.84,5.84,3.66,2.18,0.46,0.0,0.0,0.0
136.84,86.1,76.94,64.04,51.28,41.82,34.06,27.8,22.22,17.5,13.8,10.56,8.4,4.7,2.4,0.96,0.16
825.32,702.36,671.6,621.34,570.28,525.7,485.28,449.76,411.96,381.56,352.66,319.22,289.44,237.18,192.34,160.44,126.94
114.12,71.46,61.82,47.14,35.32,27.4,21.1,15.96,11.64,8.3,5.68,3.68,2.26,0.42,0.0,0.0,0.0
101.0,69.02,62.44,49.98,36.54,26.2,18.76,12.44,7.44,3.8,1.52,0.16,0.0,0.0,0.0,0.0,0.0
472.32,402.68,380.0,344.1,297.32,258.96,226.88,201.2,178.64,158.26,138.8,122.14,107.08,81.52,58.32,43.62,34.9
198.8,150.48,140.52,120.96,101.46,86.64,73.3,61.74,51.26,41.42,34.0,27.54,22.0,13.5,7.12,3.06,0.34
105.44,86.16,80.28,70.46,57.78,46.76,38.22,30.9,24.44,19.06,14.92,11.58,8.6,4.72,2.3,1.02,0.22
164.24,135.16,126.62,111.06,94.56,80.52,68.64,58.46,49.2,41.62,34.42,28.82,23.54,15.42,9.84,5.4,2.38
199.52,163.2,155.38,140.7,123.16,107.82,93.7,80.82,70.0,60.2,51.22,43.64,36.16,24.98,16.86,10.68,6.58
231.46,84.38,70.02,49.88,34.28,24.5,17.58,12.22,7.92,4.4,1.94,0.5,0.0,0.0,0.0,0.0,0.0
536.26,445.18,422.88,388.98,353.92,326.0,298.9,275.7,252.76,232.06,212.68,194.3,176.28,143.02,109.66,85.84,71.92
114.68,80.88,72.7,59.28,44.68,34.58,26.46,19.48,14.2,10.14,6.68,4.04,2.26,0.12,0.0,0.0,0.0
135.6,95.52,87.06,74.4,60.22,48.82,40.66,33.18,26.48,21.32,16.8,13.22,10.3,6.1,3.38,1.6,0.54
212.84,182.16,171.48,154.36,128.62,108.0,92.18,76.92,62.98,50.8,40.24,31.2,24.04,12.86,5.24,0.94,0.0
596.08,516.72,500.04,463.82,428.4,399.26,369.66,344.68,319.64,293.5,269.96,245.58,222.62,182.82,141.3,108.96,91.3
958.12,820.94,789.1,740.0,676.84,631.32,588.74,551.7,516.14,479.14,442.9,411.72,377.36,318.1,262.76,218.22,174.16
255.42,187.96,174.36,153.16,129.8,112.38,97.16,84.58,73.18,62.64,53.84,46.52,39.6,27.98,18.46,11.6,5.78
120.08,87.68,80.12,68.42,54.8,42.9,33.3,25.24,18.78,13.36,8.82,5.38,3.24,0.88,0.0,0.0,0.0
224.88,196.62,186.44,165.56,141.66,121.1,100.72,85.28,71.06,59.86,49.82,41.46,33.86,21.44,13.46,7.88,4.1
135.4,91.06,84.68,71.68,57.24,45.9,36.74,28.96,23.04,17.72,13.68,10.26,7.68,4.36,2.22,0.98,0.32
233.22,133.5,116.46,89.84,66.72,49.74,36.68,26.84,19.02,13.12,8.28,5.02,2.78,0.42,0.0,0.0,0.0
457.96,188.28,159.12,124.02,94.52,74.78,60.3,48.58,38.38,29.92,22.9,17.56,12.62,5.54,1.58,0.1,0.0
402.46,335.42,321.3,298.68,273.36,250.38,229.82,210.3,192.12,174.9,158.3,143.88,128.94,103.02,79.72,61.46,47.52
366.2,155.78,136.02,104.28,75.82,58.04,44.42,32.3,23.88,17.12,11.82,7.64,4.72,1.36,0.14,0.0,0.0
128.66,87.52,80.6,67.5,54.42,44.14,35.32,28.34,22.56,18.0,14.08,10.94,8.34,4.68,2.4,1.04,0.28
140.74,105.48,97.36,84.68,70.54,58.8,48.88,40.16,32.68,26.44,20.88,16.42,12.88,7.54,4.1,1.98,0.72
179.44,93.04,83.34,69.1,54.88,45.04,36.88,30.12,24.3,19.14,15.16,11.94,9.26,5.22,2.64,1.1,0.24
139.02,107.34,95.76,71.82,54.96,44.92,37.62,32.22,27.12,22.82,19.0,15.74,12.7,8.02,4.32,2.3,1.0
171.24,144.3,136.8,119.7,99.42,82.38,68.94,56.9,47.22,38.18,31.5,25.48,20.38,12.08,6.74,3.28,1.06
129.88,78.16,68.72,53.04,38.84,29.08,21.84,15.84,11.1,7.66,4.94,3.1,1.78,0.26,0.0,0.0,0.0
386.92,182.08,156.68,120.1,89.44,71.22,57.08,45.68,36.6,28.24,21.44,16.14,12.18,6.66,3.24,1.44,0.5
262.6,123.68,104.1,77.86,55.26,42.06,31.5,23.9,18.0,13.28,9.54,6.68,4.6,1.94,0.58,0.02,0.0
774.3,649.36,623.54,575.46,516.24,473.16,433.24,395.64,362.56,334.24,305.98,279.04,252.54,205.6,162.86,135.46,106.76
184.8,117.56,109.64,92.16,74.42,60.48,47.38,37.9,29.78,23.66,17.64,13.1,9.06,3.8,0.98,0.0,0.0
293.0,242.7,231.14,210.14,183.3,162.16,143.24,127.76,113.02,99.86,88.14,76.84,66.7,49.28,36.72,26.66,17.42
187.02,119.44,104.4,83.22,64.02,50.62,39.64,30.94,24.0,18.32,13.86,10.26,7.32,3.44,1.34,0.22,0.0
248.86,213.06,201.22,182.4,158.3,138.96,119.56,104.98,91.38,78.88,67.7,58.82,49.98,36.48,26.62,18.04,10.58
78.26,50.8,44.4,36.0,26.88,21.24,16.74,13.3,10.52,8.28,6.48,5.1,3.94,2.4,1.28,0.54,0.12
248.72,197.44,182.94,158.34,130.64,108.16,88.98,74.14,59.46,47.28,35.84,27.14,20.38,9.32,2.52,0.0,0.0
619.36,541.66,519.48,481.14,434.78,398.74,366.84,336.06,310.52,286.06,262.86,241.06,220.24,179.0,141.26,111.36,83.2
208.04,138.04,127.0,109.1,89.0,72.3,59.34,48.5,39.36,31.68,25.42,20.38,15.68,8.68,3.68,0.48,0.0
418.6,107.6,93.24,70.58,51.26,39.14,29.56,22.0,15.98,10.88,7.22,4.54,2.82,0.82,0.08,0.0,0.0
676.58,583.66,563.84,529.06,487.38,455.42,419.46,390.62,361.12,332.32,304.78,282.32,260.32,215.62,175.52,138.74,119.3
181.84,154.5,146.34,130.78,113.34,97.92,84.54,73.56,63.62,54.64,47.06,40.38,34.4,24.26,16.48,10.68,6.42
156.06,132.32,125.88,111.58,93.06,77.8,64.64,53.76,44.34,36.18,29.9,24.2,19.26,11.78,6.48,2.1,0.0
286.36,226.06,212.58,187.14,160.32,136.64,115.78,97.28,81.4,67.8,56.32,45.34,35.98,22.34,12.4,5.24,0.5
179.58,132.1,117.12,95.02,74.98,61.54,49.32,39.28,31.46,25.12,19.88,15.48,11.92,6.84,3.42,1.42,0.3
226.84,124.4,110.82,92.22,71.0,56.66,46.4,37.36,30.36,23.92,18.56,14.32,10.98,6.06,3.1,1.28,0.28
389.52,337.9,321.06,292.0,257.12,230.52,204.84,181.8,161.14,143.06,126.64,111.84,98.28,74.56,55.76,41.42,27.86
317.88,265.56,252.74,232.34,207.58,186.78,166.42,150.74,133.98,119.52,104.92,92.12,80.68,60.64,44.54,30.38,20.78
625.62,242.72,198.78,142.58,100.56,78.7,63.22,51.2,41.26,32.9,26.84,21.28,16.7,9.52,4.42,1.48,0.16
142.42,119.7,112.94,101.44,86.24,73.8,62.44,51.78,43.26,36.08,28.94,22.72,17.5,9.02,3.34,0.36,0.0
514.28,441.82,424.38,388.18,345.2,308.32,278.32,249.74,224.34,197.22,174.88,154.8,135.32,102.92,73.34,52.98,34.06
1753.16,380.58,309.48,214.32,148.68,116.16,90.04,70.34,53.84,40.18,29.98,22.3,16.2,7.92,3.68,1.52,0.38
125.76,73.02,65.22,52.98,41.32,32.52,25.94,20.54,16.1,12.14,8.94,6.34,4.5,2.06,0.64,0.06,0.0
150.9,105.0,96.96,82.42,66.5,54.42,43.46,34.02,26.46,20.12,14.48,9.76,6.22,1.54,0.0,0.0,0.0
296.9,247.7,238.24,221.2,197.92,178.86,161.8,145.82,131.94,119.0,105.96,95.08,84.22,64.88,48.58,35.3,27.64
1182.16,1026.82,990.52,933.5,874.46,828.78,783.86,741.96,708.12,663.24,625.62,579.96,543.04,466.06,386.88,329.76,288.2
513.16,404.3,383.38,352.12,316.08,286.6,255.8,230.9,207.74,185.36,167.9,149.78,135.64,103.08,78.42,57.14,44.38
129.08,81.6,71.78,59.8,46.6,36.36,28.14,21.34,16.32,12.12,9.18,6.72,4.86,2.28,0.82,0.06,0.0
178.2,111.4,101.76,85.32,69.14,57.82,47.4,39.04,31.44,25.0,19.8,15.58,12.04,7.1,3.84,1.8,0.6
249.22,160.8,141.5,117.1,93.28,76.38,62.4,51.16,42.08,34.32,28.22,22.8,18.2,10.94,5.9,2.82,0.82
130.86,95.86,88.02,74.42,59.52,47.36,37.3,29.28,22.16,16.8,12.32,8.7,5.8,1.58,0.0,0.0,0.0
222.04,119.48,104.74,83.24,63.34,50.6,40.46,32.0,25.16,20.08,15.44,11.74,8.84,4.92,2.2,0.76,0.12
104.82,81.66,75.78,64.92,50.7,39.48,30.82,24.84,19.66,15.04,11.66,8.78,6.58,3.42,1.68,0.68,0.14
177.86,153.2,146.44,134.04,118.84,106.2,95.46,84.84,74.88,66.1,57.66,50.32,43.3,31.46,21.88,14.9,10.54
119.84,78.0,71.04,57.68,44.54,34.84,26.68,20.54,14.72,10.24,6.8,4.4,2.58,0.46,0.0,0.0,0.0
218.32,168.06,158.1,140.04,122.88,106.94,92.9,79.62,67.84,57.88,48.62,39.88,33.4,22.38,13.66,7.6,3.7
263.02,171.34,150.36,124.7,99.02,79.62,65.36,53.4,43.86,35.14,27.42,20.92,16.26,8.34,3.02,0.08,0.0
263.54,216.8,204.28,180.54,154.36,133.94,114.44,99.52,86.0,73.48,62.06,51.02,41.36,25.98,14.92,6.58,1.08
126.38,88.58,77.96,63.62,48.26,36.68,26.5,19.0,13.18,8.54,5.16,2.58,0.74,0.0,0.0,0.0,0.0
168.52,136.72,128.36,112.4,95.58,82.64,70.84,59.94,51.6,43.36,36.66,30.9,25.8,17.86,11.86,7.46,4.48
159.42,137.14,131.06,118.48,101.92,87.64,73.72,62.78,52.78,44.48,37.22,30.9,25.58,17.32,11.34,7.04,3.58
341.14,277.44,261.76,235.66,206.84,182.02,159.86,138.44,120.14,104.62,90.26,77.56,65.8,46.34,32.14,19.18,7.6
372.14,186.56,166.4,143.54,121.64,107.32,97.1,87.44,78.64,70.42,63.54,56.66,50.62,39.28,29.08,25.02,21.94
152.74,120.68,113.44,99.8,83.62,69.9,58.7,49.86,41.38,34.6,28.62,23.66,19.14,12.14,7.42,4.04,1.9
313.7,275.42,263.6,244.24,215.5,188.06,165.1,144.9,127.2,110.98,95.74,82.04,69.18,47.78,32.38,20.0,11.32
142.96,93.74,82.64,66.24,49.82,38.42,28.8,21.16,15.16,10.7,7.06,4.54,2.78,0.36,0.0,0.0,0.0
164.06,117.52,109.5,93.52,77.46,63.56,51.5,41.86,34.08,27.56,21.46,16.44,12.18,6.36,2.5,0.26,0.0
152.86,109.04,101.24,85.4,67.76,53.4,42.06,32.94,24.7,18.12,12.48,8.38,5.16,1.4,0.0,0.0,0.0
193.56,141.2,130.42,113.76,94.68,79.96,66.78,54.8,44.92,36.24,29.76,23.38,18.56,10.76,5.86,2.62,0.74
102.86,70.62,65.14,54.86,43.98,35.72,29.26,24.1,19.8,15.86,12.72,9.98,7.8,4.52,2.42,1.12,0.34
124.0,81.72,72.58,58.36,45.22,35.04,27.36,21.16,16.02,12.1,8.92,6.46,4.74,2.4,1.06,0.34,0.04
161.78,103.68,91.3,74.42,56.06,44.62,35.22,27.44,21.26,16.06,11.56,8.54,5.8,2.02,0.14,0.0,0.0
148.5,118.18,110.08,97.04,82.58,71.2,60.6,51.08,43.92,37.62,32.08,26.32,21.74,14.88,9.88,5.94,2.86
299.0,264.5,252.54,229.0,202.0,176.86,154.46,134.8,117.24,102.78,88.46,75.58,64.46,45.54,31.56,20.06,11.0
83.5,60.78,54.96,43.96,33.54,25.26,18.76,13.94,9.98,7.18,5.02,3.5,2.38,0.96,0.3,0.0,0.0
164.14,135.8,126.86,112.64,93.84,78.36,66.08,56.0,47.36,39.48,32.42,26.8,21.82,14.48,9.36,5.18,2.14
177.92,102.0,88.18,71.56,55.5,43.34,34.16,26.82,21.06,16.16,12.04,8.94,6.2,2.64,0.6,0.0,0.0
114.66,74.58,66.18,53.24,39.94,30.7,23.7,17.62,12.76,9.2,6.52,4.36,2.9,1.1,0.2,0.0,0.0
255.88,172.04,156.84,129.94,105.7,83.78,68.46,54.5,43.04,32.42,23.84,17.8,12.7,4.92,0.98,0.0,0.0
145.06,88.52,79.66,63.02,48.46,38.22,30.4,24.3,19.12,14.88,11.36,8.36,6.14,2.86,1.06,0.1,0.0
203.92,164.82,155.64,136.22,115.72,99.54,85.3,73.74,63.34,54.12,45.36,38.02,32.12,22.18,14.88,8.94,4.52
198.02,147.76,135.24,115.06,96.4,80.52,66.98,56.02,46.44,38.2,30.72,24.38,19.3,11.72,6.96,3.18,0.94
340.86,270.72,258.08,238.08,210.92,188.58,168.82,151.14,133.4,119.58,105.92,94.5,83.8,64.02,49.1,36.7,27.3
132.84,97.9,91.54,78.7,63.64,51.6,40.56,32.46,25.3,19.44,15.08,11.06,7.84,3.3,1.08,0.08,0.0
129.58,97.9,92.26,81.16,67.6,58.26,49.64,42.64,36.42,30.9,26.36,21.76,18.1,11.92,7.34,4.18,1.76
492.26,429.46,411.9,377.66,334.94,301.24,272.7,247.44,223.64,202.46,180.82,161.1,141.3,108.64,82.94,63.24,42.96
350.74,279.92,265.68,235.56,207.58,184.16,162.52,143.14,125.96,110.98,96.26,83.24,71.66,53.6,38.56,26.1,18.44
918.84,760.7,733.94,692.74,646.84,608.12,575.46,546.68,518.54,486.3,452.5,422.9,394.22,338.54,287.48,239.98,210.68
89.78,66.98,61.04,50.0,39.76,31.24,24.52,18.72,13.76,10.14,7.04,4.56,2.92,0.86,0.0,0.0,0.0
369.22,209.72,179.96,148.1,114.1,92.3,77.66,65.5,53.76,44.26,35.84,28.68,22.96,13.24,6.6,2.08,0.02
125.6,72.26,64.38,52.62,40.54,31.96,25.06,19.0,14.64,10.7,8.0,5.5,3.66,1.38,0.14,0.0,0.0
103.1,66.2,60.32,51.32,41.64,34.48,28.38,23.5,19.22,15.74,12.78,9.92,7.48,4.2,1.96,0.62,0.04
211.28,119.06,95.44,71.48,47.8,35.3,25.54,17.78,11.94,7.44,4.5,2.34,0.96,0.0,0.0,0.0,0.0
122.7,70.18,58.6,45.66,31.96,23.66,17.28,12.14,7.98,4.62,2.4,0.82,0.04,0.0,0.0,0.0,0.0
461.68,406.8,386.18,357.98,323.5,291.68,265.26,236.18,210.3,187.18,164.3,143.3,127.14,92.84,67.64,42.24,33.5
250.98,198.3,183.64,158.26,134.82,115.06,98.16,83.72,69.28,57.8,48.24,39.9,32.26,20.44,11.32,5.6,1.62
411.96,326.28,310.24,287.58,255.94,230.14,204.98,182.2,162.48,146.06,128.82,112.38,98.14,73.86,55.64,40.68,31.38
145.14,90.4,83.8,71.24,58.58,49.02,41.16,34.68,28.58,23.3,18.88,15.76,12.76,7.92,4.68,2.26,0.64
1478.44,1335.3,1292.16,1214.32,1130.66,1054.34,983.82,916.52,853.34,799.44,746.88,692.96,650.52,557.56,473.58,400.62,331.74
161.86,102.14,92.12,73.06,55.24,42.44,32.52,24.16,18.38,14.18,10.22,7.6,5.42,2.58,1.0,0.28,0.0
345.04,294.26,278.92,254.5,228.44,205.9,185.88,166.7,150.48,136.06,119.52,106.18,93.66,72.48,53.68,39.28,31.54
134.46,100.38,92.04,77.56,61.0,47.94,38.66,30.7,23.66,18.18,13.9,10.7,8.02,4.52,2.4,1.08,0.4
1267.58,222.88,158.9,85.7,45.98,26.54,16.46,9.96,5.32,2.82,1.12,0.32,0.0,0.0,0.0,0.0,0.0
368.78,315.34,306.6,283.38,255.88,233.58,212.9,193.8,176.6,161.9,145.32,130.5,116.92,94.2,71.44,52.8,43.6
392.64,320.06,303.82,274.46,241.58,216.08,192.2,172.14,153.0,135.46,117.86,103.66,88.92,67.38,49.7,35.68,24.6
137.8,113.58,108.92,98.54,86.0,75.18,65.38,56.6,49.14,42.54,36.32,31.04,26.62,19.0,13.18,8.82,5.72
148.02,115.02,108.46,95.9,81.06,68.6,57.32,47.3,38.86,31.46,25.32,19.8,14.92,7.74,2.94,0.3,0.0
149.74,105.0,97.78,86.3,73.1,64.12,55.94,48.42,41.7,35.6,30.22,25.54,21.36,14.16,8.86,5.18,2.44
135.46,78.12,68.58,55.1,40.7,31.68,24.1,18.06,13.18,9.34,6.2,4.04,2.34,0.3,0.0,0.0,0.0
182.18,143.76,135.66,118.24,100.46,86.18,72.86,62.06,52.7,44.62,37.8,31.68,25.92,17.5,11.1,6.24,2.0
655.66,534.18,514.42,482.4,444.64,413.02,382.3,354.36,328.3,302.98,278.38,254.54,231.26,188.9,150.96,120.88,103.38
100.56,61.3,53.84,42.92,32.12,24.32,18.12,13.06,9.3,6.32,4.06,2.48,1.38,0.26,0.0,0.0,0.0
140.66,80.94,71.02,55.6,41.54,31.76,24.94,19.2,14.42,10.62,7.7,5.46,3.7,1.64,0.58,0.06,0.0
144.16,87.92,78.08,62.96,48.18,37.88,29.9,22.88,17.3,13.06,9.44,6.46,4.24,1.58,0.28,0.0,0.0
238.62,196.4,185.5,158.84,132.46,113.94,99.44,87.86,76.94,66.7,57.78,49.74,42.66,30.8,20.86,14.08,10.08
1318.0,1139.3,1108.02,1050.64,1000.96,954.98,914.86,880.98,840.68,804.6,762.96,723.8,683.96,602.46,523.02,457.62,402.22
220.84,127.42,115.28,94.88,74.18,60.98,50.04,41.44,33.4,26.56,20.92,16.34,12.3,6.6,2.6,0.38,0.0
876.08,116.94,90.9,59.98,39.3,27.88,20.0,14.14,9.82,6.36,4.1,2.44,1.4,0.22,0.0,0.0,0.0
527.64,445.7,428.02,398.84,365.4,335.68,310.46,285.9,261.34,236.54,213.6,191.66,170.08,132.34,100.3,70.24,56.62
936.08,214.92,159.3,97.44,60.68,41.94,29.8,22.0,15.84,11.24,7.66,4.8,2.84,0.6,0.0,0.0,0.0
143.9,95.08,87.4,73.6,57.82,46.34,36.28,28.42,21.6,15.94,11.42,7.82,5.06,1.36,0.0,0.0,0.0
398.8,337.6,323.66,299.06,269.7,245.14,221.06,199.98,179.16,159.36,140.52,124.06,109.32,82.48,60.86,39.44,27.96
389.5,324.32,305.32,276.14,245.08,220.3,196.98,177.4,158.46,142.02,126.74,112.36,98.54,74.46,55.04,39.64,26.52
251.28,213.1,204.44,186.8,166.6,148.02,131.8,117.68,105.54,93.38,82.48,72.14,62.22,46.5,34.38,24.22,17.66
222.56,132.7,118.12,94.44,72.88,57.28,43.62,33.66,24.76,17.72,12.24,7.98,5.0,1.44,0.06,0.0,0.0
884.48,749.26,719.96,669.3,616.58,580.3,547.0,512.82,482.32,452.06,422.68,393.78,365.78,311.04,261.02,223.3,193.06
132.22,112.6,107.7,97.24,84.24,73.56,63.72,54.74,47.12,40.16,33.98,28.78,24.32,16.54,10.88,6.72,4.28
121.88,94.62,85.28,71.18,56.66,45.1,36.26,28.74,22.64,17.16,13.08,9.7,6.88,2.94,0.8,0.0,0.0
92.94,62.9,56.64,46.98,35.86,28.24,21.72,16.56,12.46,8.92,6.3,4.26,2.76,0.9,0.18,0.0,0.0
190.94,140.64,129.92,112.48,93.64,80.62,69.54,59.68,51.32,43.7,36.9,30.98,25.74,17.84,11.44,7.22,3.82
417.82,307.2,290.1,264.08,234.44,207.92,185.18,166.02,147.62,131.42,115.76,103.16,90.88,68.26,50.28,36.5,24.96
292.74,244.68,234.48,217.32,194.94,176.4,157.36,141.26,125.5,110.38,96.14,83.84,72.44,51.76,35.2,21.06,14.8
355.16,310.96,296.8,273.92,249.34,227.88,208.54,189.92,173.64,157.52,142.12,127.3,113.46,88.86,67.02,49.96,40.88
213.36,167.54,159.4,141.86,123.26,106.94,93.2,79.5,67.62,58.46,49.7,41.42,34.26,22.98,14.6,8.28,3.86
753.92,617.46,591.1,551.4,509.02,474.02,444.14,415.04,384.52,356.5,329.1,304.04,277.22,223.54,174.5,136.58,110.9
285.82,220.12,205.86,180.88,153.76,134.12,117.12,101.9,89.34,77.02,66.42,56.68,47.68,32.82,21.46,12.84,5.66
431.66,350.06,334.1,296.64,244.88,198.88,162.42,135.8,117.26,101.9,88.74,76.36,64.72,46.28,36.48,22.28,10.1
206.52,135.1,122.34,101.86,81.7,66.26,54.48,45.08,37.18,30.4,24.4,19.76,15.82,9.76,5.24,2.18,0.4
142.98,78.34,69.98,57.1,42.86,32.72,24.76,18.4,13.52,9.72,6.76,4.68,3.28,1.48,0.52,0.06,0.0
255.28,220.36,212.68,196.7,175.52,156.58,139.62,123.58,109.14,95.88,84.14,73.0,63.22,47.26,34.06,24.24,17.02
130.16,101.12,94.22,81.46,66.18,53.66,43.56,34.7,27.5,21.62,16.4,12.08,8.44,3.52,0.96,0.0,0.0
225.12,182.06,172.2,152.86,130.6,111.86,95.06,80.2,66.88,55.4,45.62,37.92,31.04,20.28,12.8,7.42,3.76
99.28,60.32,53.82,43.62,34.48,27.3,21.72,17.06,12.96,9.64,6.88,4.68,3.08,0.86,0.0,0.0,0.0
309.12,233.6,217.88,192.96,163.76,140.82,120.5,102.24,86.64,72.52,60.38,49.3,40.1,25.88,14.72,7.46,1.88
160.7,99.64,89.2,74.44,59.58,48.26,38.96,30.82,23.88,18.28,13.74,9.88,6.82,2.2,0.16,0.0,0.0
1038.74,176.48,140.52,95.18,64.18,47.44,35.98,27.64,20.68,15.68,11.6,8.46,5.88,2.56,0.8,0.1,0.0
522.62,425.02,407.72,375.2,340.8,312.74,286.98,263.08,239.88,219.82,200.66,183.5,166.88,133.34,105.48,84.88,65.64
190.14,157.78,149.2,133.92,114.78,99.9,86.48,74.56,63.54,53.96,45.48,37.94,31.56,21.14,13.3,7.74,4.18
509.76,110.6,89.0,64.4,45.92,34.94,27.28,21.12,16.6,12.84,10.12,7.66,5.68,2.9,1.24,0.36,0.04
163.64,104.5,89.84,70.18,52.56,39.3,29.6,21.48,15.0,10.42,6.66,3.82,1.88,0.0,0.0,0.0,0.0
191.56,158.44,148.52,132.08,111.92,94.72,80.06,66.98,56.72,47.7,39.74,33.04,26.92,18.0,11.34,6.88,3.54
299.5,254.06,244.72,225.46,202.22,182.16,164.14,146.7,130.78,116.54,103.52,91.1,79.88,60.74,44.46,32.0,24.72
230.62,156.14,141.5,120.4,99.42,84.8,71.74,60.48,50.7,42.26,35.16,28.74,23.5,15.44,9.66,5.76,2.76
2698.04,388.38,254.3,132.1,71.04,42.06,24.0,14.04,7.9,3.78,1.28,0.28,0.0,0.0,0.0,0.0,0.0
169.62,85.84,73.72,55.3,39.12,28.38,20.06,13.6,8.84,5.28,2.84,1.26,0.32,0.0,0.0,0.0,0.0
160.52,73.94,62.34,47.28,35.08,27.78,22.26,17.98,14.74,11.98,9.74,7.82,6.3,3.78,2.1,0.88,0.2
323.5,281.7,268.78,248.28,222.58,199.86,180.7,161.16,144.76,129.2,114.74,100.98,88.74,67.62,49.84,35.88,26.98
173.4,102.98,93.56,78.8,62.52,51.88,42.36,34.72,28.24,22.84,18.34,14.44,11.62,6.8,3.8,1.88,0.76
810.92,715.72,692.52,656.26,614.4,576.62,541.04,503.04,469.24,436.36,400.86,370.48,338.84,281.16,228.08,185.12,160.98
175.76,105.42,93.7,75.9,58.92,46.86,38.26,30.64,24.28,18.88,14.68,11.18,8.6,4.94,2.78,1.32,0.34
298.84,211.08,192.94,158.62,127.04,105.42,86.7,72.86,59.98,49.02,39.32,31.42,23.98,13.46,6.78,2.72,0.96
170.06,134.38,125.7,110.22,93.38,78.86,66.04,55.32,45.56,36.94,30.3,24.12,19.06,10.96,5.74,1.86,0.0
206.98,112.78,103.58,88.54,72.68,60.22,50.38,41.02,33.58,27.52,21.88,17.5,13.82,8.16,4.4,1.78,0.36
66.98,49.24,44.14,34.74,24.72,17.58,12.24,8.24,5.32,3.16,1.5,0.5,0.04,0.0,0.0,0.0,0.0
118.04,76.22,69.48,57.86,44.96,35.56,28.66,22.44,17.44,13.74,10.66,8.02,5.96,3.28,1.62,0.62,0.1
347.92,222.86,205.48,175.52,147.3,127.3,110.6,94.94,82.22,70.52,60.18,50.88,43.0,29.76,19.36,11.8,5.12
114.76,78.04,70.2,58.52,46.32,37.14,29.9,23.56,18.3,14.08,10.68,8.08,5.98,2.66,0.82,0.0,0.0
183.04,102.04,93.32,79.88,65.6,54.32,44.4,36.24,29.06,23.1,18.14,13.88,10.22,5.24,2.24,0.8,0.2
654.3,567.62,546.7,510.98,472.54,441.32,412.28,381.46,352.88,324.42,297.98,271.98,247.76,201.3,160.62,123.9,101.88
302.24,247.3,236.6,211.4,183.8,160.98,139.46,120.72,104.3,88.82,75.2,63.4,52.78,35.08,22.68,13.22,6.18
95.22,68.14,61.18,50.16,38.58,28.72,21.88,16.16,11.56,8.14,5.32,3.4,1.92,0.26,0.0,0.0,0.0
136.3,83.72,71.96,56.48,42.02,30.68,23.08,15.82,11.02,7.2,4.26,2.22,0.68,0.0,0.0,0.0,0.0
119.14,77.98,69.62,56.3,42.52,32.0,23.8,17.34,11.58,7.58,4.78,2.74,1.36,0.04,0.0,0.0,0.0
108.64,71.48,64.02,49.94,37.68,27.94,20.24,14.42,10.08,6.76,4.08,2.32,1.12,0.06,0.0,0.0,0.0
188.36,106.24,94.32,76.28,60.48,48.9,39.64,31.92,25.42,20.1,15.94,12.5,9.56,5.22,2.56,0.84,0.08
167.36,115.86,104.4,85.64,67.1,53.6,42.9,34.22,27.18,21.32,16.0,12.14,9.32,4.98,2.5,1.0,0.16
173.48,123.18,113.48,96.72,79.28,65.96,53.48,44.1,35.82,28.98,23.44,18.74,14.64,8.86,4.82,1.9,0.2
184.4,107.26,99.88,84.32,69.26,57.98,48.62,40.56,33.96,27.8,22.56,18.24,14.56,9.0,5.36,2.46,0.58
169.44,101.18,91.72,78.88,64.9,54.24,45.82,37.52,31.26,25.82,21.14,17.42,14.18,9.0,5.2,2.0,0.4
194.8,166.24,157.56,143.72,127.26,111.2,97.78,84.92,73.42,63.94,55.52,47.56,40.28,28.58,20.02,12.92,8.8
104.68,78.28,71.58,60.9,48.6,39.36,31.5,24.92,19.3,14.84,10.8,7.76,5.24,1.84,0.24,0.0,0.0
543.76,462.42,439.0,398.34,353.76,312.38,282.08,249.72,222.3,197.14,174.3,151.92,133.96,98.74,69.6,46.6,25.96
294.96,125.22,105.84,79.34,60.9,47.32,36.82,28.64,21.78,16.44,12.18,8.6,5.8,2.42,0.78,0.08,0.0
322.32,255.74,242.64,219.5,192.82,170.24,149.54,130.42,112.08,96.72,82.76,70.68,59.3,39.3,24.7,12.86,5.88
133.36,95.58,88.0,74.72,59.38,47.32,37.58,30.22,23.7,18.58,14.62,11.42,8.54,4.58,2.18,0.76,0.04
779.98,680.26,655.42,611.38,564.32,521.4,484.8,450.54,417.74,384.32,355.4,324.44,295.92,244.08,191.92,156.28,134.02
143.86,81.78,74.32,62.08,49.6,39.92,32.3,26.12,21.06,16.9,13.34,10.46,8.18,4.68,2.48,1.16,0.34
384.34,298.78,282.0,259.7,234.42,211.4,193.5,176.46,159.96,143.02,128.88,115.06,101.9,79.72,59.18,44.0,35.28
1120.7,924.68,886.9,820.34,749.62,696.22,642.94,595.8,552.42,508.54,466.8,430.52,393.38,325.24,259.28,214.06,172.9
146.64,115.9,109.0,94.04,77.98,64.3,53.06,43.46,34.64,26.7,20.4,15.26,10.58,4.22,0.96,0.0,0.0
130.32,91.4,83.82,70.16,55.4,44.6,36.26,28.3,21.74,16.78,12.5,9.3,6.62,2.7,0.76,0.06,0.0
220.66,92.84,77.64,56.7,39.66,28.32,19.92,13.88,9.52,5.86,3.18,1.34,0.3,0.0,0.0,0.0,0.0
93.76,50.0,42.96,31.48,21.92,15.3,10.54,6.68,3.76,1.86,0.52,0.0,0.0,0.0,0.0,0.0,0.0
2303.52,1970.88,1898.88,1796.56,1677.6,1561.94,1485.82,1391.68,1312.58,1241.16,1162.92,1103.02,1032.1,896.64,783.0,657.1,550.16
660.56,221.52,177.84,123.88,87.0,67.1,53.58,42.64,33.9,27.42,21.7,16.9,12.9,6.76,2.78,0.78,0.02
266.0,196.84,187.08,162.98,137.12,115.18,94.32,78.52,63.72,51.8,41.8,33.34,26.1,14.78,7.38,2.56,0.26
126.2,78.16,67.36,52.84,37.48,26.84,18.56,12.22,7.22,3.72,1.58,0.28,0.0,0.0,0.0,0.0,0.0
168.34,87.04,73.16,53.76,36.5,26.38,18.36,12.58,7.9,4.5,2.36,0.92,0.12,0.0,0.0,0.0,0.0
157.18,107.3,97.6,82.08,65.26,52.44,42.46,34.44,27.1,21.6,16.66,12.78,9.66,5.2,2.44,0.9,0.14
127.82,108.84,103.32,90.58,76.5,65.42,55.2,46.24,38.4,31.32,25.5,20.02,15.38,8.2,3.24,0.94,0.14
483.9,124.02,96.56,64.44,41.9,28.52,19.7,13.76,9.1,5.56,2.98,1.48,0.46,0.0,0.0,0.0,0.0
172.9,100.7,91.98,75.3,58.38,47.1,38.02,30.86,24.28,18.58,13.9,10.24,7.42,3.36,1.08,0.12,0.0
144.52,98.12,88.12,70.62,54.96,43.02,34.68,27.44,21.7,16.86,12.44,8.76,6.04,2.56,0.78,0.02,0.0
474.66,390.82,375.46,351.02,323.36,298.62,276.0,254.3,234.34,215.14,195.88,179.24,162.7,131.44,104.44,80.52,64.2
116.08,89.62,81.76,69.74,56.34,46.02,37.52,30.38,24.06,18.9,15.0,11.64,8.76,4.78,2.32,0.92,0.12
327.58,278.22,266.84,242.72,216.06,195.58,176.16,157.96,140.7,125.98,112.06,99.46,86.68,65.64,48.44,35.1,26.62
104.46,72.62,66.96,55.24,43.36,32.62,24.22,17.88,12.46,8.02,4.64,2.16,0.42,0.0,0.0,0.0,0.0
145.92,108.72,100.1,84.0,64.88,50.9,38.82,29.28,21.18,14.46,9.32,5.18,2.72,0.0,0.0,0.0,0.0
331.96,267.84,255.6,232.98,202.28,175.2,152.68,131.9,114.68,99.16,85.04,73.38,62.54,44.1,30.42,19.98,11.04
374.3,313.52,302.32,276.64,247.64,222.26,197.9,175.66,155.78,137.04,120.0,104.9,90.6,67.16,48.54,33.7,24.7
323.08,269.84,258.56,236.64,210.8,187.84,168.74,150.3,133.46,118.08,103.18,90.5,77.44,56.98,39.52,27.06,16.42
914.28,772.88,741.18,691.0,635.32,587.4,545.76,508.68,471.0,439.6,405.22,372.36,345.56,285.36,233.88,193.64,151.44
318.28,257.7,247.04,225.42,199.42,177.56,158.08,140.44,124.74,110.58,96.96,85.84,75.26,56.12,41.02,28.98,17.8
148.8,105.36,94.8,76.74,57.44,43.68,32.44,23.58,16.04,10.32,6.4,3.32,1.22,0.0,0.0,0.0,0.0
242.28,186.14,176.46,158.56,138.22,121.54,106.76,93.5,80.74,69.7,59.6,50.32,43.18,30.1,20.38,13.4,8.48
1301.98,1073.22,1033.22,980.44,932.46,889.86,849.92,810.62,771.6,735.36,696.9,659.42,618.86,537.28,457.24,399.34,353.72
146.38,108.04,98.16,80.74,63.86,51.46,41.72,33.54,26.66,21.4,16.42,12.24,9.08,4.86,2.06,0.36,0.0
78.62,53.8,48.7,41.42,33.9,27.96,23.28,18.98,15.4,12.2,9.74,7.56,5.78,3.32,1.76,0.72,0.1
809.92,675.76,646.16,605.9,558.9,515.58,478.92,444.44,410.02,378.1,347.88,317.5,290.02,238.14,189.34,153.6,134.54
767.12,669.92,644.36,596.68,544.38,505.22,469.16,434.18,403.74,371.0,346.28,320.32,295.38,246.16,200.58,163.58,128.4
273.08,127.76,111.46,86.72,63.98,50.6,40.66,31.64,24.8,19.34,14.92,11.1,7.96,3.5,0.86,0.0,0.0
202.72,172.78,166.32,153.48,137.98,123.54,111.04,99.62,89.14,79.7,69.98,61.38,53.92,40.8,30.18,21.46,15.76
116.98,72.5,64.12,52.36,40.48,31.18,24.04,17.68,13.22,9.84,6.82,4.26,2.58,0.56,0.0,0.0,0.0
107.44,69.12,61.6,48.48,36.34,26.98,19.44,13.74,8.72,4.94,2.24,0.66,0.0,0.0,0.0,0.0,0.0
124.34,66.04,56.46,44.08,32.0,23.64,16.96,12.08,8.42,5.68,3.54,2.08,0.96,0.0,0.0,0.0,0.0
175.48,139.78,131.98,119.82,104.86,92.36,80.1,69.2,59.24,50.92,43.32,36.44,30.32,19.78,12.32,6.94,3.76
162.48,117.86,109.4,93.06,77.38,64.68,53.54,44.4,36.2,29.44,24.1,19.34,15.66,9.62,5.56,3.0,1.28
258.2,110.7,87.96,61.7,42.02,30.4,21.58,14.6,9.1,5.3,2.58,0.82,0.0,0.0,0.0,0.0,0.0
271.64,232.98,220.16,195.88,165.6,139.08,119.34,102.74,86.36,71.34,58.32,48.3,40.02,25.4,15.74,9.16,3.84
148.06,106.44,96.86,82.5,65.66,52.22,41.0,32.46,25.18,18.66,13.0,8.78,5.62,1.16,0.0,0.0,0.0
491.52,421.66,402.02,367.42,331.1,298.72,271.46,247.34,223.94,201.24,180.9,161.64,144.56,114.22,86.98,63.92,45.84
64.56,42.14,38.72,31.22,23.96,18.48,14.92,11.9,9.62,7.86,6.2,4.82,3.76,2.52,1.64,0.9,0.16
246.16,216.82,208.26,190.26,169.08,150.84,133.68,117.22,102.08,90.02,78.14,67.7,58.56,41.68,28.46,19.06,12.18
286.5,246.46,236.0,216.76,191.38,168.98,148.76,129.58,112.5,96.94,83.7,71.64,60.82,40.24,25.42,13.6,7.56
1711.9,1525.2,1482.2,1420.84,1343.18,1290.24,1248.98,1206.22,1159.46,1117.94,1076.74,1030.98,976.72,871.48,775.78,687.86,624.28
176.88,84.74,68.98,51.24,33.66,23.9,16.6,11.4,7.5,4.54,2.62,1.26,0.42,0.0,0.0,0.0,0.0
150.16,108.92,98.42,82.18,65.02,53.06,42.74,34.8,27.62,21.76,16.94,13.24,10.0,5.5,2.68,1.04,0.12
1133.54,917.84,887.26,827.36,765.92,709.96,663.14,615.66,573.0,533.2,495.1,459.22,425.16,359.3,299.58,247.08,194.72
459.18,376.88,359.06,327.32,286.78,248.94,217.46,190.2,164.16,141.48,120.92,100.68,82.96,54.56,32.18,15.34,3.32
157.12,90.54,81.94,67.4,51.94,40.82,31.84,24.92,19.24,14.34,10.58,7.22,4.88,1.76,0.28,0.0,0.0
132.96,109.8,102.82,91.7,77.76,65.44,55.86,47.64,40.28,33.58,27.78,22.66,18.24,11.26,6.24,2.94,0.98
104.76,63.28,54.94,41.8,29.18,20.58,14.54,9.46,6.06,3.5,1.74,0.58,0.0,0.0,0.0,0.0,0.0
117.94,67.18,58.66,45.48,33.96,25.96,19.28,14.18,10.14,7.14,4.82,2.88,1.66,0.26,0.0,0.0,0.0
386.68,176.9,148.48,113.3,85.28,67.26,52.88,40.7,31.14,22.8,16.72,11.64,7.94,2.94,0.44,0.0,0.0
219.16,135.2,122.12,103.46,83.18,67.6,54.88,44.3,36.04,28.78,22.86,18.32,14.36,8.36,4.5,1.98,0.54
198.18,134.86,122.2,102.34,79.3,63.9,50.84,39.4,30.86,23.22,17.22,11.88,7.68,2.18,0.0,0.0,0.0
213.16,116.52,105.62,87.44,69.82,57.64,48.1,38.68,31.48,25.2,20.24,16.04,12.52,7.8,4.42,2.36,1.16
132.48,111.02,104.78,92.04,76.64,62.58,50.6,40.2,31.72,25.0,19.24,14.22,9.86,4.08,0.86,0.0,0.0
838.14,698.86,672.0,623.3,563.64,513.78,467.26,428.46,392.58,360.08,327.66,297.58,268.38,215.18,165.7,128.0,95.22
151.38,101.74,91.46,72.3,54.0,38.86,27.84,18.42,11.86,6.82,2.94,0.78,0.0,0.0,0.0,0.0,0.0
655.96,538.92,508.96,460.04,412.94,370.42,331.72,300.84,270.24,242.84,215.56,192.02,168.7,128.0,93.02,69.04,44.66
176.36,137.26,128.82,114.0,96.56,82.16,70.04,59.34,50.22,42.0,35.5,29.58,24.14,15.8,10.32,5.98,2.72
1794.0,1555.0,1518.14,1453.64,1387.22,1337.56,1295.08,1246.52,1198.06,1142.22,1101.16,1046.58,995.62,894.82,793.28,721.78,666.6
292.86,239.32,224.54,199.66,172.44,148.64,127.66,109.26,92.76,79.58,68.14,57.58,48.42,33.16,21.94,12.98,6.46
119.92,77.86,69.5,56.4,42.4,32.86,25.16,18.82,14.06,10.46,7.76,5.4,3.72,1.54,0.38,0.0,0.0
101.54,81.18,73.9,62.34,48.22,37.96,30.26,23.4,17.92,13.54,9.78,7.06,5.04,2.32,0.88,0.12,0.0
122.34,91.54,84.04,71.72,59.98,50.4,42.06,34.9,29.32,23.92,19.72,15.84,12.7,7.7,4.24,1.8,0.28
159.36,74.78,63.18,47.98,33.6,23.0,14.9,9.28,5.12,2.26,0.56,0.0,0.0,0.0,0.0,0.0,0.0
558.02,454.62,434.12,398.76,362.7,334.34,306.92,281.98,258.16,236.5,215.88,195.98,176.74,143.58,109.4,84.92,73.32
112.12,85.76,80.14,69.8,58.8,49.66,42.06,36.0,30.18,25.46,21.24,17.52,14.38,9.76,6.12,3.68,2.1
156.8,99.86,85.92,68.02,51.22,38.76,29.88,22.78,16.7,11.84,7.72,4.66,2.38,0.18,0.0,0.0,0.0
132.34,82.54,74.14,61.82,49.44,39.38,31.44,25.32,19.36,15.12,11.44,8.44,6.22,3.14,1.54,0.5,0.04
120.68,80.62,73.32,61.0,47.16,36.86,28.48,22.1,16.86,12.64,9.16,6.7,4.76,2.1,0.64,0.08,0.0
250.64,190.32,178.66,153.38,129.24,109.64,92.6,79.0,67.22,57.2,48.22,40.38,33.66,22.8,14.42,8.2,3.6
545.18,452.16,432.0,395.52,353.88,326.36,296.74,269.52,245.78,225.42,203.74,184.0,164.96,129.98,100.86,77.6,58.94
460.4,376.84,361.36,334.92,301.2,273.54,249.36,225.46,203.32,181.4,160.54,142.22,126.56,97.86,73.1,52.38,40.26
514.98,441.58,427.54,399.88,367.58,340.76,313.88,289.74,268.16,245.76,223.98,203.5,185.26,151.04,121.68,90.04,79.3
394.7,320.08,303.14,271.4,238.62,210.58,186.74,162.84,143.56,125.4,109.32,95.3,82.2,58.32,39.5,26.06,15.78
210.26,154.36,144.3,126.56,108.86,95.0,82.44,71.64,61.66,53.5,45.54,38.74,32.98,23.12,15.84,10.04,5.66
204.94,152.68,141.0,124.04,105.62,92.44,79.46,68.4,58.56,49.56,42.24,35.66,30.08,19.92,12.98,7.94,4.38
616.66,536.64,516.58,484.4,447.66,410.92,380.52,349.22,320.18,293.74,264.52,239.98,213.74,169.96,130.6,94.68,78.2
191.92,114.82,103.02,82.8,64.36,52.04,42.92,35.02,28.6,23.54,19.0,15.02,11.7,7.0,3.64,1.34,0.18
255.26,208.64,198.3,178.1,155.86,137.28,121.9,107.18,93.24,81.46,70.64,60.92,52.8,37.5,25.62,17.54,10.62
190.42,99.44,84.9,61.76,41.44,29.08,20.28,13.5,8.42,5.02,2.46,1.0,0.14,0.0,0.0,0.0,0.0
121.1,68.72,62.58,51.08,40.1,31.78,25.1,19.64,15.04,11.44,8.68,6.32,4.64,2.22,0.94,0.2,0.0
1099.78,923.96,888.48,831.46,766.28,711.0,656.9,610.86,569.76,530.56,489.72,452.9,417.82,356.68,294.88,243.9,194.48
362.98,296.5,282.84,260.9,232.86,208.42,184.74,162.86,144.98,127.78,112.26,97.94,85.32,62.44,44.36,30.28,20.12
1134.72,940.98,902.34,836.34,772.62,725.94,679.2,638.5,597.68,558.94,523.98,487.96,451.14,383.62,319.2,272.6,239.88
140.28,101.58,93.14,78.36,63.02,51.76,42.62,34.96,28.22,22.66,17.76,14.1,10.84,6.34,3.54,1.66,0.52
134.68,80.32,67.86,52.4,38.96,30.4,22.6,17.06,12.7,9.1,6.48,4.38,2.86,1.02,0.2,0.0,0.0
533.22,452.54,431.2,396.98,359.16,324.5,294.4,267.56,242.56,221.1,200.12,178.68,159.24,123.38,94.2,71.0,49.62
142.58,109.64,102.14,88.92,74.88,63.16,53.72,45.86,37.86,32.08,26.94,22.44,18.02,11.62,7.1,3.94,1.4
137.34,91.82,81.16,65.66,51.46,41.34,33.16,26.06,20.9,15.84,11.84,8.96,6.44,2.8,0.78,0.0,0.0
177.96,133.0,122.0,100.74,80.96,64.92,51.94,40.44,31.08,23.88,18.38,13.3,9.46,4.34,1.48,0.18,0.0
217.52,186.78,178.4,161.18,139.62,121.94,105.6,89.8,76.46,64.7,54.56,44.58,37.04,23.64,14.06,7.66,2.74
117.68,70.78,61.38,48.24,37.2,29.62,22.82,17.84,13.72,10.46,7.9,5.78,4.24,1.96,0.72,0.14,0.0
680.84,577.62,553.8,510.2,463.82,422.24,383.74,351.84,320.84,294.3,269.56,243.74,222.58,179.2,140.86,111.9,91.96
124.82,67.18,58.42,44.02,30.76,21.54,14.68,9.44,5.98,3.48,1.7,0.66,0.1,0.0,0.0,0.0,0.0
132.46,91.4,81.76,69.88,56.44,45.52,37.0,30.08,24.44,19.48,15.56,12.34,9.5,5.6,3.14,1.52,0.62
191.1,147.92,138.58,118.34,97.16,78.84,64.12,51.88,40.08,31.18,22.92,15.82,10.64,3.56,0.34,0.0,0.0
181.26,111.0,98.96,79.0,63.26,50.38,39.34,30.02,23.58,18.1,13.32,9.62,6.72,3.02,1.34,0.66,0.18
195.46,71.28,56.82,37.66,22.98,15.0,9.62,5.84,3.18,1.3,0.26,0.0,0.0,0.0,0.0,0.0,0.0
631.04,460.72,439.0,404.56,369.94,343.24,319.26,295.94,270.78,250.08,229.24,210.04,191.56,156.3,121.22,95.0,80.74
519.1,452.96,435.62,402.04,365.3,332.24,302.3,275.94,249.76,225.22,203.42,182.52,163.32,127.7,96.52,71.64,48.76
148.76,77.52,66.98,52.76,39.52,30.5,24.08,19.0,14.76,11.1,8.24,6.0,4.36,2.12,0.88,0.26,0.02
142.4,63.36,55.84,43.62,30.7,22.58,16.76,12.08,8.58,5.82,3.6,2.14,1.12,0.06,0.0,0.0,0.0
116.88,95.38,84.98,65.5,47.2,38.1,31.22,26.34,22.3,18.96,16.38,14.1,12.0,8.64,6.44,4.86,3.52
257.42,200.94,186.94,161.56,136.36,117.4,101.96,87.86,75.78,65.02,55.24,47.04,40.14,28.08,18.84,11.84,7.42
97.96,79.14,73.14,63.44,52.38,43.28,35.32,28.84,23.44,18.92,14.68,11.34,8.38,4.34,1.66,0.26,0.0
938.3,804.7,772.34,707.32,641.12,586.46,529.86,484.88,442.12,403.26,364.54,328.92,295.0,234.54,180.86,134.1,92.3
330.98,269.76,257.48,232.88,204.56,181.76,160.82,142.66,125.74,109.54,96.02,83.8,73.1,54.8,40.08,27.78,17.28
100.96,69.06,60.84,48.42,35.76,25.06,17.98,12.58,8.28,5.0,2.58,1.14,0.28,0.0,0.0,0.0,0.0
391.8,330.8,317.24,292.5,266.06,245.46,225.48,206.58,187.56,170.84,154.6,139.88,125.84,99.24,74.3,55.82,45.36
110.92,83.04,76.34,63.84,49.08,37.44,28.88,22.26,16.86,12.74,9.48,7.04,5.2,2.66,1.26,0.48,0.08
2424.0,2206.44,2137.32,2022.04,1923.22,1854.16,1787.16,1720.0,1655.78,1596.32,1537.34,1477.4,1411.36,1280.0,1139.84,1039.84,948.04
318.6,105.26,86.34,66.22,48.8,38.14,30.42,24.26,19.28,14.98,11.46,8.64,6.32,3.18,1.28,0.28,0.0
220.9,182.76,173.52,154.22,132.64,114.62,98.78,83.42,70.34,57.76,47.4,37.7,29.54,16.66,7.38,1.96,0.4
386.5,328.06,311.86,286.86,258.5,232.9,210.36,189.84,170.82,153.88,138.0,122.94,109.8,83.8,61.5,45.6,37.3
291.94,247.94,237.18,214.8,189.9,168.56,150.38,134.18,120.28,106.72,94.78,84.42,74.44,56.8,41.22,31.42,21.82
154.96,110.86,104.48,91.42,78.48,67.7,58.12,49.5,41.56,34.7,28.46,23.66,19.52,12.22,7.56,4.38,2.34
141.64,84.9,74.88,61.58,46.04,35.64,27.68,21.06,15.24,10.72,7.1,4.08,2.2,0.06,0.0,0.0,0.0
195.72,78.36,64.64,46.24,31.78,23.34,16.94,12.16,8.76,6.1,4.16,2.8,1.8,0.56,0.08,0.0,0.0
194.06,49.94,38.9,28.96,21.74,16.78,13.58,10.82,8.22,6.7,5.44,4.04,1.66,0.0,0.0,0.0,0.0
294.56,227.48,211.6,184.6,153.48,126.88,106.76,90.8,75.66,62.74,52.32,43.02,35.0,22.5,13.8,7.46,2.92
496.62,436.48,419.66,390.9,354.94,318.1,287.46,260.22,235.8,213.92,191.64,173.7,154.12,119.08,90.5,66.22,47.52
111.24,77.04,69.04,56.56,43.04,32.8,24.22,17.58,12.66,8.92,5.98,3.56,1.74,0.0,0.0,0.0,0.0
330.48,271.08,259.04,236.32,211.06,188.7,170.56,152.56,137.16,122.74,108.34,95.68,84.4,63.1,45.9,33.16,25.28
109.54,67.04,59.5,46.88,34.82,26.38,19.66,14.26,10.52,7.42,5.14,3.36,2.02,0.62,0.08,0.0,0.0
513.44,429.94,416.62,391.22,360.8,332.86,307.28,282.2,258.34,236.22,215.34,192.98,173.36,136.52,104.12,71.4,59.96
183.9,114.6,94.42,72.62,58.12,47.44,38.72,32.0,26.46,21.46,16.6,12.54,9.46,3.92,0.0,0.0,0.0
99.24,65.12,58.12,46.48,34.26,25.98,19.4,14.24,10.38,7.46,5.1,3.4,2.22,0.8,0.12,0.0,0.0
113.62,76.62,69.82,57.48,46.42,38.26,31.5,25.62,20.7,16.5,13.32,10.54,8.28,4.9,2.6,1.14,0.3
169.22,139.66,133.6,121.86,105.52,93.42,81.8,72.16,63.08,54.7,47.18,40.24,34.18,23.88,16.18,10.8,6.96
157.24,112.96,104.14,87.62,67.86,52.3,39.78,30.58,22.58,16.08,10.58,6.52,3.48,0.0,0.0,0.0,0.0
113.84,94.32,89.28,78.18,66.0,54.84,45.54,37.8,30.74,24.6,19.44,15.14,11.28,5.5,2.06,0.2,0.0
109.92,67.7,57.96,42.46,30.14,22.6,16.84,12.12,8.48,5.52,3.52,2.08,1.1,0.04,0.0,0.0,0.0
1160.14,273.48,215.82,144.86,97.34,67.26,49.14,36.06,24.94,17.02,10.58,6.06,2.92,0.18,0.0,0.0,0.0
133.44,84.44,75.66,61.46,49.06,40.6,33.22,27.66,22.44,18.04,14.84,11.66,9.2,5.5,3.0,1.32,0.28
311.34,270.64,259.56,240.56,217.86,198.88,182.7,166.36,152.58,139.3,126.26,113.12,101.6,79.76,61.02,45.62,34.88
162.3,105.86,97.18,83.36,67.7,56.68,46.6,38.7,31.26,25.06,19.98,16.0,12.54,7.3,3.86,1.9,0.7
324.62,276.2,264.1,239.7,210.08,184.84,161.6,140.42,121.76,104.62,90.88,77.68,65.92,45.6,30.56,19.18,9.64
125.26,78.68,71.48,59.56,47.4,38.88,31.78,26.18,21.28,17.58,14.16,11.34,8.7,5.16,2.7,1.14,0.24
534.7,436.94,422.24,393.52,359.12,329.06,301.62,275.06,249.66,224.12,201.1,180.16,158.84,122.5,92.14,64.94,51.34
257.96,201.92,191.76,171.92,147.84,126.44,105.72,89.48,74.42,59.9,48.48,37.88,28.94,16.2,6.84,1.14,0.0
531.24,431.16,413.74,380.38,344.32,312.64,287.84,263.22,239.1,217.2,198.16,180.28,163.18,130.42,102.78,83.96,65.46
204.66,113.82,103.66,87.3,69.24,55.92,45.36,36.86,28.86,22.7,18.12,13.94,10.58,5.92,3.04,1.22,0.16
1133.76,368.04,288.16,183.3,116.96,84.3,60.84,44.14,31.9,22.14,15.42,9.54,4.98,0.1,0.0,0.0,0.0
882.46,235.2,181.34,126.14,85.7,63.34,49.06,38.1,29.58,22.84,17.12,13.18,9.82,5.28,2.46,0.84,0.06
162.2,92.46,81.42,65.04,48.38,37.32,28.82,21.86,16.0,11.14,7.62,4.84,2.78,0.44,0.0,0.0,0.0
164.8,127.94,120.56,107.4,91.8,80.82,70.36,60.36,50.9,42.08,34.92,27.9,22.34,12.96,6.78,3.3,0.46
238.7,127.26,114.66,95.42,76.22,61.12,49.78,40.18,31.92,24.96,19.18,13.82,9.38,3.02,0.04,0.0,0.0
280.82,168.2,152.72,133.44,113.86,98.9,86.4,75.8,65.92,57.2,48.92,41.88,36.02,26.42,18.84,12.62,7.28
669.52,536.8,509.08,468.2,421.64,384.52,351.36,320.28,291.24,264.74,240.24,217.0,193.0,153.56,119.38,92.16,69.68
762.58,546.84,521.76,478.58,432.78,400.38,373.4,345.72,320.84,297.78,275.74,253.52,232.62,191.06,157.54,134.24,110.82
256.66,200.94,187.82,164.02,137.78,118.26,100.86,84.5,70.14,58.68,48.58,40.42,33.26,21.94,13.46,7.7,3.34
374.36,262.0,239.08,210.6,181.34,159.26,139.68,123.86,110.18,97.38,85.88,74.28,64.02,46.94,32.94,22.48,12.52
166.48,124.18,115.56,101.62,83.52,69.76,58.16,48.32,40.22,33.06,26.68,21.42,17.26,10.56,6.12,3.14,0.98
266.22,131.38,109.94,83.28,60.72,44.62,33.72,24.94,18.42,13.34,9.52,6.5,4.28,1.58,0.36,0.0,0.0
1030.46,892.82,856.88,800.84,739.4,680.94,635.76,593.2,555.24,516.52,482.5,448.78,410.72,346.36,292.48,240.92,192.24
394.9,328.86,311.48,281.64,247.12,217.86,191.12,167.4,144.92,126.34,109.52,93.42,80.04,56.24,38.02,24.52,12.94
117.0,62.84,53.76,40.14,28.58,20.24,13.46,8.72,4.72,2.3,0.8,0.02,0.0,0.0,0.0,0.0,0.0
99.16,69.46,62.8,51.96,40.12,30.92,22.78,16.56,11.56,7.74,4.82,2.82,1.32,0.0,0.0,0.0,0.0
225.34,192.46,183.72,164.52,140.36,119.56,101.18,84.84,71.02,59.12,48.94,40.32,32.46,20.56,12.14,6.26,2.08
248.76,125.52,105.5,78.46,56.9,41.76,29.54,20.52,13.86,9.24,5.36,2.86,1.3,0.0,0.0,0.0,0.0
145.02,97.82,86.36,70.08,52.5,40.84,31.72,24.48,18.08,13.26,9.5,6.64,4.52,1.72,0.38,0.0,0.0
413.94,342.32,324.1,289.92,255.26,223.58,197.48,174.66,153.42,133.9,115.62,99.22,84.56,58.42,36.9,20.46,6.48
113.26,57.98,51.1,38.66,25.98,17.62,11.48,7.34,4.22,2.22,0.88,0.2,0.0,0.0,0.0,0.0,0.0
150.08,101.28,93.16,81.46,68.64,58.66,49.38,42.0,36.04,29.98,24.88,20.4,16.84,10.86,6.8,3.96,1.66
151.76,120.44,112.12,93.54,69.96,56.7,47.6,40.96,35.5,31.2,27.28,23.72,20.56,15.66,11.64,8.8,6.28
172.4,102.92,93.1,77.72,61.84,50.14,40.64,33.04,26.48,20.94,16.44,12.7,9.32,4.6,1.22,0.0,0.0
298.7,244.74,230.94,211.42,188.4,168.7,152.26,135.76,120.82,107.36,93.14,80.94,69.42,50.74,34.96,22.88,15.58
212.86,181.28,170.44,151.98,128.32,107.92,91.0,76.96,64.28,53.94,44.22,36.76,29.52,19.34,11.78,6.78,3.0
134.9,93.22,84.86,68.48,51.56,39.2,29.88,22.38,17.22,12.82,9.3,6.6,4.64,2.0,0.82,0.24,0.0
199.76,142.32,129.66,109.84,91.58,77.64,65.88,55.34,46.32,38.64,32.16,26.86,22.22,14.52,8.92,4.92,2.2
223.42,111.5,97.64,78.98,60.18,48.68,38.3,30.28,23.14,17.66,13.1,9.48,6.48,2.78,0.86,0.14,0.0
189.52,142.44,129.06,102.92,65.14,50.82,42.54,36.82,31.84,27.96,24.04,20.92,18.04,13.24,8.98,6.6,4.68
529.38,424.8,402.78,364.58,322.0,289.58,260.58,234.26,210.56,190.02,169.3,150.94,134.4,102.12,76.24,54.76,34.68
92.48,57.98,51.84,41.3,29.98,22.8,16.54,11.88,8.0,5.3,3.5,2.08,1.12,0.08,0.0,0.0,0.0
91.86,62.72,56.4,46.4,35.6,27.46,21.4,16.3,12.16,8.84,6.26,4.52,3.18,1.46,0.56,0.16,0.0
283.82,175.78,152.6,122.46,96.46,78.2,63.56,52.72,41.88,33.48,26.64,21.0,16.5,8.92,4.22,1.34,0.14
432.28,363.88,354.48,332.76,305.2,279.1,255.74,232.98,212.6,192.42,173.64,157.26,139.76,109.86,85.1,59.84,49.12
137.5,79.64,69.54,53.76,39.56,29.28,21.64,15.68,11.2,7.46,4.78,2.82,1.6,0.34,0.0,0.0,0.0
172.34,103.82,91.22,71.46,52.4,40.54,30.78,22.62,15.66,10.06,5.76,2.98,0.9,0.0,0.0,0.0,0.0
209.86,130.22,118.4,98.28,78.26,63.96,50.9,40.64,31.4,24.18,17.96,13.78,10.1,4.94,1.96,0.56,0.04
306.22,254.44,242.04,218.6,191.12,168.84,150.06,131.52,114.66,102.12,89.32,77.96,67.2,49.08,33.94,22.74,14.42
919.92,745.4,716.56,670.1,614.76,575.74,541.08,504.68,470.4,437.22,406.08,373.96,343.94,284.8,225.7,188.7,169.32
310.44,103.16,88.18,66.3,49.08,37.22,29.26,22.78,17.38,13.34,9.8,7.0,4.46,1.5,0.02,0.0,0.0
397.96,131.28,111.22,78.6,54.84,40.22,29.76,21.5,14.92,9.78,6.12,3.6,1.78,0.0,0.0,0.0,0.0
411.66,346.8,333.2,311.48,284.18,259.54,238.28,216.62,195.74,175.28,155.38,137.22,120.96,89.84,65.54,42.54,33.46
531.4,195.86,158.98,118.66,86.9,66.5,51.6,40.88,32.18,25.02,19.5,14.6,10.56,5.1,1.92,0.42,0.0
441.28,377.62,359.26,327.14,288.88,256.98,228.54,203.26,180.22,158.36,139.36,122.9,107.24,79.32,57.28,41.48,26.98
252.16,140.16,125.58,99.88,76.96,61.12,49.68,39.16,31.32,24.36,18.78,14.58,10.76,5.02,1.74,0.16,0.0
112.72,89.68,83.5,72.34,58.74,48.4,40.06,32.34,26.02,20.48,15.56,11.88,8.86,4.22,1.44,0.0,0.0
109.74,67.58,59.86,47.62,34.74,26.04,18.92,13.38,9.6,6.62,4.22,2.26,1.04,0.02,0.0,0.0,0.0
1063.8,865.24,825.18,743.48,665.4,614.08,573.2,538.42,507.08,478.94,445.92,415.92,389.76,334.0,282.84,231.44,195.52
224.64,175.32,165.4,146.62,125.16,106.84,91.1,77.26,65.08,54.2,43.42,35.1,27.02,14.42,5.08,0.0,0.0
115.5,74.0,65.92,53.52,39.3,29.7,22.04,16.0,11.22,7.72,5.28,3.44,2.2,0.76,0.12,0.0,0.0
291.8,256.14,245.84,225.88,204.16,183.2,164.56,149.16,132.38,117.62,104.84,91.9,80.12,59.98,43.98,30.24,22.56
548.44,452.04,428.68,387.4,342.6,306.72,276.42,247.34,220.64,195.7,175.3,154.14,135.46,100.52,72.52,52.82,35.14
120.26,84.28,72.36,57.54,43.44,34.66,27.54,21.34,16.54,12.62,9.74,7.36,5.34,2.38,0.76,0.04,0.0
198.86,132.72,119.98,95.96,73.46,58.5,46.08,35.22,26.3,18.76,13.12,8.5,5.3,0.98,0.0,0.0,0.0
353.78,295.8,282.18,258.22,230.58,206.32,185.88,167.56,149.62,132.68,118.64,105.1,92.66,71.48,53.8,41.58,29.7
51.3,30.86,26.7,19.92,13.54,9.52,6.82,4.8,3.36,2.3,1.5,0.9,0.44,0.0,0.0,0.0,0.0
116.66,73.98,66.76,56.52,46.56,39.06,32.16,26.34,21.14,17.24,13.74,10.82,8.42,4.94,2.66,1.3,0.46
448.48,374.44,357.9,324.62,291.26,262.96,236.8,214.0,194.14,174.62,156.9,140.36,126.12,99.72,76.08,59.18,44.98
121.54,79.78,70.92,55.64,40.24,29.86,21.3,14.72,9.88,6.3,3.86,2.18,1.12,0.1,0.0,0.0,0.0
2123.54,1998.7,1920.16,1865.94,1780.5,1717.96,1669.38,1604.38,1554.2,1505.52,1445.8,1391.42,1350.42,1226.84,1121.6,1033.7,959.48
283.68,243.74,231.64,210.64,182.84,157.8,136.8,116.98,99.38,84.12,70.02,58.2,48.06,29.94,17.3,7.66,2.46
170.44,137.76,127.96,111.98,93.5,77.54,64.32,53.78,43.8,34.28,26.96,20.68,14.82,6.96,1.86,0.0,0.0
311.26,249.12,220.74,152.12,84.56,64.54,52.52,43.66,36.08,30.7,25.36,19.66,16.12,11.36,2.28,0.74,0.04
292.98,167.06,151.66,128.52,104.22,85.52,71.18,59.3,49.46,39.9,32.26,26.34,21.02,12.62,6.98,3.2,0.96
159.06,115.32,105.48,89.58,73.8,62.16,51.42,42.26,34.2,27.18,21.96,16.64,12.38,6.62,3.0,1.18,0.4
391.0,327.86,314.76,288.0,251.38,223.52,198.06,173.98,151.14,131.5,113.66,98.46,84.96,62.16,43.18,28.72,17.34
243.3,99.92,82.9,61.32,45.36,35.5,27.26,21.44,16.82,12.9,9.78,7.12,5.16,2.46,0.9,0.2,0.0
363.34,151.14,124.58,93.22,66.86,50.16,37.36,27.0,19.06,12.8,8.26,4.78,2.6,0.38,0.0,0.0,0.0
238.74,135.16,121.18,98.9,78.52,63.22,51.22,41.18,33.34,26.5,20.58,15.58,11.44,5.64,2.16,0.32,0.0
864.78,762.92,742.44,706.9,665.14,633.74,603.38,569.86,539.26,508.02,478.32,444.88,416.34,359.2,303.98,261.12,235.76
696.8,604.58,575.9,535.72,487.88,447.78,407.54,374.12,341.4,312.08,284.5,259.84,235.38,193.44,153.34,118.78,84.78
153.4,49.3,40.86,26.32,16.24,10.5,6.76,4.28,2.6,1.24,0.46,0.1,0.0,0.0,0.0,0.0,0.0
273.26,234.64,224.74,206.5,186.3,167.08,152.28,138.48,125.58,113.7,102.46,91.7,82.16,63.74,49.58,38.34,30.36
321.32,252.96,239.2,214.56,189.86,169.22,151.82,134.82,120.26,106.48,94.12,82.32,71.56,54.0,40.4,29.8,20.42
56.18,37.92,33.12,25.28,16.84,11.06,7.02,4.04,2.06,0.8,0.16,0.0,0.0,0.0,0.0,0.0,0.0
707.8,254.76,217.44,170.08,135.82,111.96,94.7,80.48,67.98,57.5,47.68,40.12,33.28,22.48,14.94,8.94,4.62
129.4,74.76,64.56,51.96,40.28,31.86,25.62,20.34,16.2,12.6,9.84,7.5,5.6,3.1,1.5,0.54,0.1
261.52,145.14,129.16,104.58,80.82,63.34,50.7,39.42,29.96,22.9,17.14,12.46,8.96,4.14,1.32,0.14,0.0
153.9,117.7,107.64,91.44,75.24,62.26,51.38,42.0,33.86,27.32,21.56,16.66,13.22,7.66,4.1,2.02,0.78
180.16,135.42,124.46,106.22,87.28,73.08,59.94,48.8,39.82,32.64,26.48,21.12,16.5,10.24,6.02,3.3,1.22
328.68,243.18,220.96,189.58,155.24,133.84,115.76,99.7,86.06,73.92,63.08,54.0,45.3,31.32,20.5,13.74,9.06
109.4,71.56,64.54,52.76,41.0,32.18,24.84,19.14,14.32,10.36,7.46,5.2,3.36,1.0,0.0,0.0,0.0
598.16,511.98,494.24,465.06,431.92,404.78,380.6,356.72,332.36,307.56,284.62,262.26,242.3,201.48,161.72,131.34,113.0
299.82,254.58,245.4,223.96,197.56,174.82,156.06,137.74,121.76,106.96,93.2,80.92,70.98,52.86,40.06,27.0,22.06
390.42,124.86,102.18,73.62,53.26,40.22,30.7,23.5,18.0,13.18,9.62,6.96,4.98,2.2,0.68,0.14,0.0
510.72,438.74,420.32,386.02,351.16,318.4,291.5,264.28,238.44,214.3,189.9,170.7,151.22,115.4,85.32,62.46,45.48
56.18,24.6,18.6,12.54,8.94,6.56,4.94,3.8,2.84,2.04,1.36,0.68,0.0,0.0,0.0,0.0,0.0
170.42,114.22,104.66,86.86,67.1,52.48,41.34,32.74,24.62,18.8,14.38,10.9,8.08,4.24,2.02,0.82,0.16
134.18,72.5,63.58,47.92,34.26,24.44,16.98,11.84,7.78,4.76,2.56,1.16,0.2,0.0,0.0,0.0,0.0
436.82,348.16,335.18,311.84,285.28,264.26,243.96,225.24,205.68,188.32,171.94,156.48,141.74,113.5,88.52,68.04,56.04
702.88,550.02,524.32,477.32,424.64,383.18,346.56,315.48,284.44,258.88,231.56,206.9,183.48,144.06,109.72,86.1,64.44
97.7,64.22,56.66,45.94,34.88,25.92,19.46,14.08,10.06,6.5,3.94,1.88,0.58,0.0,0.0,0.0,0.0
151.74,86.34,76.52,58.66,43.26,31.28,23.0,16.02,10.54,6.74,3.96,2.04,0.84,0.0,0.0,0.0,0.0
1417.04,1258.38,1223.2,1141.2,1069.24,1000.34,942.54,887.52,839.1,784.82,734.12,694.96,652.9,572.56,484.74,404.76,333.04
307.84,263.58,251.2,231.04,204.26,182.08,161.66,142.36,125.82,110.62,96.66,84.52,72.82,52.64,37.04,24.68,17.42
469.6,395.04,375.96,343.4,305.82,275.86,249.7,227.24,204.78,183.9,163.72,145.92,128.8,100.28,74.44,53.5,38.7
656.1,553.62,533.4,496.42,456.36,418.62,382.88,349.9,317.5,289.02,259.66,233.2,209.2,165.2,128.94,97.48,81.2
625.14,522.84,506.12,473.36,439.42,407.62,376.64,348.66,321.68,295.7,272.58,249.0,227.36,187.66,147.5,115.78,102.42
750.48,170.2,124.78,79.7,44.88,26.04,15.84,8.58,4.12,1.48,0.08,0.0,0.0,0.0,0.0,0.0,0.0
165.72,104.36,95.2,80.72,64.94,53.44,43.8,36.02,29.44,24.0,19.42,15.7,12.46,7.4,3.94,1.8,0.52
106.44,69.6,63.08,52.3,40.64,31.74,24.92,19.54,14.84,11.36,8.24,5.86,4.02,1.54,0.38,0.0,0.0
1889.52,1767.94,1724.64,1632.18,1547.5,1490.32,1430.32,1371.34,1314.62,1265.5,1210.74,1149.42,1098.12,994.32,868.72,764.6,680.76
1822.54,1432.48,1371.38,1280.98,1184.9,1103.08,1033.82,978.26,910.8,844.34,798.28,743.78,693.62,594.4,505.28,424.18,343.16
110.44,77.62,69.06,56.16,42.26,32.12,25.18,18.92,14.4,10.66,7.84,5.8,4.26,2.08,0.86,0.26,0.0
116.84,80.28,72.76,59.36,48.12,39.14,31.92,26.2,20.84,16.44,12.82,10.02,7.78,4.44,2.42,1.04,0.26
107.08,75.4,67.88,55.22,40.56,30.7,22.34,16.66,11.52,7.62,4.86,2.94,1.42,0.0,0.0,0.0,0.0
91.3,66.02,59.72,46.64,35.6,27.46,20.58,15.26,11.36,8.16,5.66,3.76,2.42,0.84,0.14,0.0,0.0
403.0,151.74,126.1,93.5,69.24,54.1,42.88,34.3,27.64,21.74,16.78,12.84,9.6,4.4,1.42,0.04,0.0
107.16,76.0,69.86,58.62,47.34,37.9,30.06,24.18,19.18,14.38,11.0,8.56,6.36,3.34,1.56,0.58,0.08
142.1,91.3,82.4,68.46,53.22,42.86,34.36,26.84,21.16,16.46,12.38,9.2,6.62,3.22,1.46,0.52,0.02
176.02,120.52,106.08,74.76,52.24,42.52,35.38,29.38,24.4,20.0,16.22,12.6,9.72,5.52,1.62,0.26,0.0
474.38,228.58,192.92,146.3,110.14,90.8,74.86,63.32,53.18,44.46,37.52,31.52,26.06,16.8,9.62,4.86,1.48
368.08,87.76,69.4,48.04,31.6,22.58,16.32,11.64,8.56,6.16,4.36,3.04,2.12,0.84,0.2,0.02,0.0
2904.34,1021.84,700.24,381.78,237.88,168.34,128.28,98.58,78.22,61.52,47.96,36.5,28.3,15.98,8.6,4.32,1.3
249.02,195.02,181.82,162.28,137.64,117.86,100.3,84.72,72.3,61.26,51.14,42.14,34.12,21.34,11.92,5.64,0.92
410.46,339.08,325.16,298.52,262.52,236.52,211.5,190.44,171.38,154.68,136.7,120.74,105.7,79.6,58.46,40.88,28.12
284.5,197.88,162.84,100.74,77.36,66.46,57.94,50.92,44.68,39.18,34.46,30.26,27.0,19.7,13.48,11.62,9.92
112.52,57.46,50.38,37.2,25.62,18.08,12.48,7.68,4.46,2.18,0.74,0.06,0.0,0.0,0.0,0.0,0.0
124.92,85.72,76.92,64.18,50.22,39.62,30.28,22.74,16.44,11.62,7.88,4.94,2.76,0.22,0.0,0.0,0.0
152.94,91.02,80.98,64.56,49.78,38.36,29.72,22.64,16.96,12.42,9.26,6.66,4.74,2.1,0.78,0.12,0.0
745.5,634.9,607.3,559.2,508.36,464.42,422.62,389.46,360.84,330.36,302.56,275.06,248.94,201.86,161.66,126.46,92.88
198.96,144.86,134.12,113.28,91.78,74.82,58.96,47.78,38.16,30.24,23.78,18.0,13.64,7.12,3.3,0.9,0.0
502.72,398.9,367.18,318.54,242.58,180.72,140.18,116.4,100.64,87.02,76.18,67.16,57.74,46.48,34.16,18.32,15.06
135.52,111.26,104.84,92.98,77.04,64.16,53.18,42.9,34.98,28.28,22.48,17.8,13.64,7.76,4.24,1.94,0.84
98.32,71.76,66.76,57.84,48.74,41.22,34.68,28.92,24.12,20.02,16.34,13.38,10.88,7.12,4.3,2.22,0.74
245.7,217.32,209.24,192.84,172.72,153.64,135.62,120.3,106.76,93.12,80.8,70.1,60.92,44.14,31.32,20.1,14.32
575.1,110.86,85.98,60.8,40.8,29.52,21.9,16.3,11.66,7.82,4.98,2.9,1.3,0.02,0.0,0.0,0.0
288.42,219.04,204.2,173.1,144.38,124.04,108.8,94.8,81.4,70.94,61.92,53.16,45.02,32.54,23.16,16.16,9.9
90.64,64.54,59.44,48.66,36.28,27.56,20.44,14.94,10.48,7.08,4.72,2.74,1.34,0.06,0.0,0.0,0.0
147.46,109.6,100.94,86.68,71.5,59.76,48.42,39.74,32.4,25.68,20.16,15.62,11.6,5.9,1.96,0.18,0.0
394.36,339.16,325.2,296.46,263.12,234.62,209.36,187.8,165.54,146.88,129.88,114.96,100.62,74.84,54.92,38.56,23.0
211.52,136.48,125.02,105.94,86.1,68.42,56.4,45.08,36.08,28.78,22.92,17.8,13.66,7.5,3.52,1.08,0.0
170.52,124.6,114.78,97.34,81.76,70.0,60.4,51.86,44.36,37.9,32.14,26.98,22.64,15.56,10.32,6.72,4.08
1359.5,1236.38,1206.12,1137.32,1074.62,1024.98,985.1,935.98,890.12,851.66,814.9,769.82,727.04,650.42,552.58,490.02,454.88
216.98,127.92,114.64,92.68,71.04,55.28,42.92,34.22,26.16,19.06,13.34,9.02,5.58,1.62,0.16,0.0,0.0
167.54,135.16,127.32,113.68,96.88,83.54,71.94,61.3,52.12,44.4,37.68,31.68,26.24,18.0,11.84,7.78,5.02
1171.42,225.4,180.54,120.1,81.26,57.6,42.4,30.66,22.08,15.58,10.52,7.0,4.14,1.32,0.16,0.0,0.0
173.8,148.86,141.36,126.94,108.7,93.06,79.14,67.62,57.7,49.06,41.64,35.64,30.46,21.26,14.76,9.68,5.12